Name,Lon,Lat,Source,M2_amp,M2_phs,S2_amp,S2_phs,N2_amp,N2_phs,K2_amp,K2_phs,K1_amp,K1_phs,O1_amp,O1_phs,P1_amp,P1_phs,Q1_amp,Q1_phs,Location
"'CUT 2N FRONT RANGE, ST MARYS RIVER ENTR, FL'",-81.3017,30.7167,NOAA,0.856,16.3,0.135,37.6,0.189,353.7,0.032,41.6,0.103,192.8,0.076,205.4,0.036,190.3,0.017,232.2,Deep
"'Cape Chunak, AK, AK'",-163.5342,55.0643,NOAA,0.708,117.2,0.02,294.3,0.251,67.9,0.005,308.6,0.485,321.9,0.329,305.7,0.16,320.7,0.05,282.3,Deep
"'Dog Island, St. Thomas, VI'",-64.8180789,18.2975431,NOAA,0.045,23.8,0.007,136.3,0.009,22.9,0.009,26,0.077,230.9,0.061,221.7,0.019,233.9,0.012,220.2,Deep
"'Eastport, ME'",-66.982814,44.9045577,NOAA,2.687,98.7,0.42,139.3,0.543,69.4,0.116,138.3,0.156,196.4,0.119,176.9,0.052,195.5,0.02,163,Deep
"'Entrance Island, AK'",-133.787,56.8117,NOAA,1.754,279.7,0.538,313.2,0.335,255.9,0.146,315.9,0.481,265.8,0.299,247.4,0.159,264.4,0.058,239.7,Deep
"'Esperanza, Vieques Island, PR'",-65.4715583,18.0937419,NOAA,0.028,343,0.009,9.2,0.004,307.6,0.003,5.7,0.082,232.8,0.063,226.1,0.025,232.6,0.009,205.5,Deep
"'Fare Ute Point,'",-149.572,-17.535,NOAA,0.071,308.4,0.076,320.6,0.011,274.8,0.023,318.3,0.006,279.4,0.016,89.1,0.002,292,0.004,75.2,Deep
"'Fredericksted, St. Croix, VI'",-64.8909175,17.7137701,NOAA,0.022,43.9,0.015,51.9,0.006,44,0.006,325.5,0.072,237.3,0.06,229,0.018,248,0.011,208.8,Deep
"'Geese Island GPS Tide Buoy, AK'",-153.996,56.5947,NOAA,0.966,302.1,0.347,332.3,0.2,277.2,0.094,334.7,0.358,269.8,0.229,255.5,0.118,268.8,0.063,259.2,Deep
"'Golf Island, AK'",-135.393,56.7867,NOAA,1.077,272.7,0.336,305,0.218,248.3,0.091,307.6,0.428,261.2,0.269,243.2,0.142,259.9,0.058,242.2,Deep
"'Kwajalein, Marshall Islands, United States of America'",167.7337826,8.7307668,NOAA,0.485,127.4,0.269,149.3,0.092,127.1,0.073,145.9,0.104,66,0.065,38.7,0.032,65.4,0.013,22.6,Deep
"'La Jolla, CA'",-117.2571,32.8669,NOAA,0.5,142,0.204,138.6,0.117,121.7,0.058,130.4,0.332,207,0.213,191.8,0.105,203.1,0.039,184.4,Deep
"'Lime Tree Bay. St. Croix, VI'",-64.7457963,17.6914496,NOAA,0.013,327.5,0.007,13.6,0,0,0.002,17.3,0.083,237,0.065,228.6,0.026,237.6,0.009,192.1,Deep
"'Los Angeles, CA'",-118.2729,33.7199,NOAA,0.515,145.5,0.203,141.1,0.121,123.7,0.06,135.5,0.343,207.7,0.218,192.3,0.107,204.6,0.041,184,Deep
"'Lovango Cay, St. John, VI'",-64.8035805,18.3606822,NOAA,0.092,11.3,0.017,70.5,0.019,354.9,0.01,21.4,0.071,224.5,0.057,215.9,0.019,231.6,0.009,196.8,Deep
"'PENIKESE ISLAND, MA'",-70.9217,41.45,NOAA,0.491,2.5,0.109,23,0.123,348,0.028,20.5,0.055,166,0.05,199.7,0.017,185.7,0.012,169.1,Deep
"'PIER 22 1/2, SAN FRANCISCO, CA'",-122.387,37.79,NOAA,0.644,218.9,0.143,227.2,0.133,193.5,0.045,217.3,0.381,229.5,0.231,212.8,0.12,227.1,0.044,215.7,Deep
"'PLUM ISLAND PLUM GUT HARBOR, NY'",-72.205,41.1717,NOAA,0.371,73.6,0.068,84.7,0.087,44.6,0.018,80.1,0.076,180.5,0.051,212.7,0.023,188.7,0.016,202.7,Deep
"'PULPIT HARBOR, PENOBSCOT BAY, ME'",-68.8867,44.1567,NOAA,1.494,98.2,0.218,134.1,0.342,65.9,0.059,137,0.141,197.7,0.111,178.6,0.047,196.2,0.021,169.2,Deep
"'Pago Bay, Guam, United States of America'",144.7995286,13.4267764,NOAA,0.142,276.2,0.026,282.9,0.036,253.4,0.008,265.5,0.141,61.3,0.102,42.6,0.045,62.8,0.019,33.9,Deep
"'Penuelas (Punta Guayanilla), PR'",-66.7613816,17.972597,NOAA,0.008,39.1,0.008,7.1,0.005,102.9,0.005,40.4,0.082,233.8,0.052,232.8,0.024,240.3,0.01,214.5,Deep
"'Perch Point, AK'",-147.395,60.1267,NOAA,1.332,286.8,0.456,317.4,0.265,261.8,0.124,319.9,0.495,271.6,0.302,255.5,0.164,270.4,0.056,250.6,Deep
"'REEF POINT, STIKINE STRAIT, AK'",-132.553,56.3533,NOAA,1.954,273.2,0.655,304.1,0.37,250.5,0.178,306.6,0.545,264.1,0.312,246.4,0.18,262.8,0.062,239.4,Deep
"'RINCON ISLAND, PACIFIC OCEAN, CA'",-119.443,34.3483,NOAA,0.502,154.8,0.182,149.1,0.12,133,0.053,141.4,0.355,211.7,0.222,196.7,0.112,207.8,0.041,189.4,Deep
"'STOREY ISLAND NORTH SIDE, AK'",-147.437,60.7317,NOAA,1.395,287.9,0.46,319,0.297,262.1,0.125,321.5,0.481,270.4,0.308,256.3,0.159,269.4,0.057,251.2,Deep
"'Sabine Offshore, TX'",-93.64,29.4983,NOAA,0.169,262.6,0.053,254.2,0.046,236.9,0.011,275.7,0.173,23.3,0.161,16.3,0.053,19.3,0.031,34,Deep
"'Saginaw Bay, Kuiu Island, AK'",-134.3031,56.903,NOAA,1.616,276.3,0.539,305.7,0.294,254.1,0.147,308,0.515,262.8,0.288,246.5,0.17,261.5,0.058,246.9,Deep
"'San Francisco, CA'",-122.4659,37.8063,NOAA,0.576,208.2,0.137,216.2,0.122,183.2,0.04,206,0.37,225.4,0.23,208.4,0.114,222.1,0.04,202.7,Deep
"'San Juan, La Puntilla, San Juan Bay, PR'",-66.1164121,18.4588209,NOAA,0.159,20.2,0.021,46.6,0.037,0.5,0.006,46.9,0.09,227.9,0.077,227.3,0.029,230,0.011,229.5,Deep
"'Smith Shoal Light, FL'",-81.9215,24.7183,NOAA,0.368,131.6,0.116,146,0.067,120.1,0.031,147.1,0.141,0.4,0.132,354.5,0.047,360,0.026,345.5,Deep
"'St John's Island, Coral Harbor, VI'",-64.7946926,18.3330145,NOAA,0.054,16,0.009,26.4,0.009,2,0.002,27.3,0.086,226.2,0.059,222.7,0.028,226,0.01,210.4,Deep
"'THE BROTHERS, STEPHENS PASSAGE, AK'",-133.797,57.295,NOAA,1.794,280,0.591,312.8,0.367,257.6,0.16,315.5,0.5,264.3,0.3,248.5,0.165,263.1,0.057,234.7,Deep
"'Thoms Point, AK'",-132.078,56.1183,NOAA,1.979,272.3,0.654,302.7,0.356,241.3,0.178,305.2,0.52,261.7,0.315,245.5,0.172,260.5,0.053,240.4,Deep
"'Water Bay, VI'",-64.864259,18.3487803,NOAA,0.108,12.8,0.018,38,0.024,351.6,0.005,39.9,0.075,218.2,0.058,217.1,0.025,218.1,0.009,208.3,Deep
"'Wooded Island, AK'",-147.403,59.875,NOAA,1.133,289.5,0.385,319.9,0.244,265.3,0.105,322.4,0.474,272.1,0.288,257.8,0.157,271,0.057,250.4,Deep
"ARICA      WOCE fas",-70.333,-18.467,Truth_Coast,0.329,27.15,0.094,48.87,0.072,347.95,0.031,39.66,0.151,32.96,0.084,350.63,0.044,28.7,0.014,321.98,NS
"DARWIN     WOCE fas",130.8487554,-12.4727408,Truth_Coast,1.845,249.2,0.951,298.16,0.35,228.41,0.271,296.42,0.582,200.67,0.329,189.64,0.161,203.79,0.077,184.09,NS
"LOBOS      WOCE fas",-80.717,-6.933,Truth_Coast,0.41,265.77,0.142,299.68,0.098,241.1,0.041,297.66,0.128,30.82,0.05,351.16,0.037,28.56,0.005,310.71,NS
"LOME       WOCE fas",1.283,6.133,Truth_Coast,0.49,103.38,0.165,133.57,0.106,98.46,0.046,126.77,0.129,353.16,0.027,330.33,0.038,349.06,0.004,83.91,NS
"SALALAH    WOCE fas",54.0194885,16.9377911,Truth_Coast,0.312,143.94,0.122,167.56,0.083,132.78,0.033,161.96,0.36,344.14,0.184,346.67,0.11,341.53,0.04,347.39,NS
"ACCCP Bouvet Island",3.024,-54.343,Truth_Pelagic,0.146,22.01,0.039,60.63,0.036,19.28,0.009,48.08,0.04,3.76,0.058,345.63,0.014,0.73,0.014,332.23,Deep
"ASTTEX 08 - D.Byrne",12.74,-37.119,Truth_Pelagic,0.477,33.24,0.202,55.1,0.103,24.13,0.057,50.65,0.04,113.08,0.009,248.22,0.011,112.29,0.006,221.83,Deep
"AWI_ANT15-1   acc_a",0,-59.04,Truth_Pelagic,0.032,9.94,0.027,200.37,0.016,24.42,0.009,213.65,0.072,355.35,0.09,345.9,0.024,353.84,0.021,334.59,Deep
"AWI_ANT7-2   acc_aw",7.082,-44.664,Truth_Pelagic,0.36,29.53,0.147,54.28,0.079,21.42,0.041,49.45,0.02,97.82,0.017,343.09,0.006,86.01,0.005,312.15,Deep
"BEMPEX PF     Aug86",-162.047,37.89,Truth_Pelagic,0.249,305.1,0.123,326.43,0.05,294.5,0.035,319.6,0.206,264.5,0.131,254,0.065,260.5,0.022,249.2,Deep
"DART 21419  SE Kuri",155.736,44.455,Truth_Pelagic,0.208,152.22,0.089,212.84,0.026,105.04,0.024,206.6,0.268,6.24,0.212,346.24,0.087,3.2,0.043,335.81,Deep
"DART 23228  Arabian",65.347,20.799,Truth_Pelagic,0.596,152.95,0.23,181.83,0.145,134.39,0.065,181.34,0.374,336.98,0.19,337.72,0.119,336.28,0.042,346.47,Deep
"DART 41420  North S",-67.325,23.49,Truth_Pelagic,0.245,4.26,0.043,28.06,0.059,343.09,0.012,33.29,0.077,206.04,0.061,207.99,0.024,206.15,0.012,198.9,Deep
"DART 43413  Off Mex",-99.853,11.065,Truth_Pelagic,0.327,228.34,0.028,15.84,0.074,188.28,0.004,65.29,0.072,141.24,0.065,156.27,0.025,139.05,0.016,153.26,Deep
"DART 46410  Gulf_Al",-143.786,57.635,Truth_Pelagic,1.018,282.17,0.337,313.71,0.212,257.59,0.091,306.81,0.462,265.86,0.286,250.75,0.145,262.54,0.051,243.29,Deep
"DART 55012  Austral",158.4,-15.799,Truth_Pelagic,0.158,282.34,0.098,265.92,0.046,284.03,0.026,259.69,0.22,35.4,0.11,10.86,0.065,31.42,0.019,351.67,Deep
"DART 55023  Coral S",153.58,-14.8,Truth_Pelagic,0.28,328.35,0.162,292.8,0.088,313.81,0.043,289.81,0.261,35.82,0.129,10.22,0.078,32.2,0.023,346.13,Deep
"DART_21414   (2006",178.281,48.938,Truth_Pelagic,0.148,51.4,0.013,313.01,0.051,11.37,0.005,307.19,0.318,322.73,0.229,306.37,0.101,319.55,0.043,296.82,Deep
"DART_21416   (2007",163.488,48.044,Truth_Pelagic,0.195,125.93,0.064,206.71,0.039,70.2,0.017,203,0.299,346.06,0.222,327.92,0.096,343.15,0.043,318.37,Deep
"DART_44401   (2007",-50,37.562,Truth_Pelagic,0.291,354.93,0.092,26.46,0.061,335.97,0.026,24.32,0.04,159.49,0.029,178.56,0.012,159.3,0.006,174.66,Deep
"DART_44402   (2007",-70.594,39.487,Truth_Pelagic,0.423,350.79,0.086,16.41,0.101,331.32,0.022,15.73,0.088,176.91,0.067,181.89,0.027,176.41,0.014,172.96,Deep
"DART_46402   (2007",-164.011,51.069,Truth_Pelagic,0.439,322.38,0.157,341.85,0.099,302.4,0.043,333.98,0.38,286.22,0.248,271.07,0.12,282.93,0.046,262.79,Deep
"DART_46404   (2006",-128.778,45.859,Truth_Pelagic,0.809,235.66,0.227,265.13,0.166,209.9,0.06,256.9,0.407,240.08,0.251,224.91,0.127,236.63,0.045,216.37,Deep
"DART_46407   (2008",-128.9,42.604,Truth_Pelagic,0.666,227.04,0.171,255.32,0.137,200.54,0.045,247.11,0.381,235.5,0.235,220.39,0.12,231.65,0.042,212.76,Deep
"DART_46408   (2006",-169.871,49.626,Truth_Pelagic,0.293,340.27,0.103,346.31,0.074,321.87,0.028,337.92,0.356,296.63,0.239,281.25,0.112,293.49,0.045,272.67,Deep
"DART_46411   (2005",-127.013,39.331,Truth_Pelagic,0.539,209.56,0.121,227.22,0.114,181.73,0.033,217.54,0.37,228.61,0.23,213.74,0.116,224.73,0.042,204.64,Deep
"DART_46419   (2006",-129.617,48.762,Truth_Pelagic,0.913,243.73,0.267,273.35,0.187,218.5,0.071,265.6,0.427,244.9,0.262,229.43,0.134,241.47,0.048,222.26,Deep
"DART_51425   (2008",-176.245,-9.493,Truth_Pelagic,0.514,155.74,0.192,154.23,0.127,149.02,0.052,148.04,0.061,63.72,0.04,46.09,0.019,58.95,0.008,32.93,Deep
"DART_51426   (2008",-168.098,-22.993,Truth_Pelagic,0.401,201.7,0.058,278.11,0.098,174.17,0.014,276.29,0.041,58.79,0.028,58.81,0.013,52.42,0.005,55.78,Deep
"DART_52401   (2007",155.766,19.286,Truth_Pelagic,0.129,123.13,0.083,159.16,0.018,108.98,0.024,152.22,0.121,53.16,0.087,26.87,0.038,51.28,0.018,15.51,Deep
"DART_52402   (2006",154.584,11.569,Truth_Pelagic,0.145,120.52,0.118,147.28,0.021,130.4,0.033,140.94,0.153,61.66,0.099,38.9,0.048,60.46,0.02,27.6,Deep
"DART_52403   (2006",145.597,4.033,Truth_Pelagic,0.157,291.09,0.005,194.91,0.044,261.16,0.002,123.82,0.21,65.35,0.132,49.17,0.066,64.59,0.026,40.47,Deep
"DART_52404   (2006",132.223,20.949,Truth_Pelagic,0.497,288.53,0.212,313.85,0.095,277.71,0.058,308.68,0.171,73.23,0.131,56.8,0.055,71.52,0.028,44.46,Deep
"DART_52405   (2006",132.333,12.881,Truth_Pelagic,0.52,290.56,0.217,318.4,0.099,276.86,0.059,314.19,0.18,76.35,0.125,62.09,0.058,74.93,0.026,53.55,Deep
"DART_52406   (2008",165.081,-5.332,Truth_Pelagic,0.501,145.43,0.277,154.48,0.104,145.24,0.077,148.64,0.157,54.58,0.09,34.95,0.047,51.89,0.017,24.91,Deep
"DART_54401   (2008",-172.985,-33.005,Truth_Pelagic,0.491,200.01,0.082,283.6,0.107,170.62,0.019,280.4,0.042,35.15,0.02,51.6,0.012,30.68,0.003,61.84,Deep
"DART_55015   (2008",160.562,-46.922,Truth_Pelagic,0.504,348.68,0.117,15.47,0.118,333.21,0.032,4.33,0.05,278,0.051,242.99,0.016,271.23,0.014,222.75,Deep
"DART_56001   (2009",110.004,-13.961,Truth_Pelagic,0.469,34.29,0.249,94.37,0.087,3.13,0.069,93.08,0.202,163.99,0.127,155.58,0.062,161.63,0.029,142.43,Deep
"DART_56003   (2009",117.989,-15.021,Truth_Pelagic,0.807,54.02,0.45,110.38,0.14,25.71,0.127,108.56,0.227,168.29,0.142,158.39,0.069,165.75,0.032,145.43,Deep
"DART_d125    (2002",-125.014,-8.489,Truth_Pelagic,0.585,34.6,0.057,69.38,0.132,8.73,0.013,54.48,0.053,251.38,0.029,210.3,0.016,248.11,0.006,177.54,Deep
"DART_d157    (2002",-156.941,52.65,Truth_Pelagic,0.636,304.83,0.222,332.05,0.138,283.02,0.061,326.02,0.405,276.88,0.259,261.62,0.128,273.4,0.046,256.15,Deep
"GLOUP 000085   b004",-4.98,60.528,Truth_Pelagic,0.588,225.01,0.22,256.34,0.119,203.53,NaN,NaN,0.083,140.48,0.063,5.61,NaN,NaN,0.021,320.98,Deep
"GLOUP 000092   b004",-0.007,63.132,Truth_Pelagic,0.439,287.78,0.147,322.6,0.089,265.71,NaN,NaN,0.075,155.65,0.062,35.41,NaN,NaN,0.019,345.43,Deep
"GLOUP 000095 ck2.",53.472,-46.871,Truth_Pelagic,0.143,152.83,0.039,189.34,0.033,134.15,0.01,184.41,0.025,151.57,0.023,279.96,0.006,154.22,0.009,260.96,Deep
"GLOUP 000098   dpc9",-56.355,-58.363,Truth_Pelagic,0.396,271.63,0.155,316.96,0.071,240.55,0.044,314.97,0.159,86.34,0.179,55.32,0.053,81.01,0.043,37.85,Deep
"GLOUP 000104   dpn9",-58.384,-54.944,Truth_Pelagic,0.386,273.12,0.117,311.36,0.08,241.53,0.034,308.98,0.153,108.08,0.162,55.99,0.05,101.17,0.041,33.57,Deep
"GLOUP 000105   dpnn",-57.502,-56.836,Truth_Pelagic,0.39,272.4,0.133,315.15,0.076,240.6,0.038,313.67,0.149,96.6,0.169,55.62,0.049,89.96,0.043,36.14,Deep
"GLOUP 000107   dps9",-54.717,-60.85,Truth_Pelagic,0.428,277.25,0.214,322.53,0.067,252.18,0.061,321.64,0.192,66.06,0.2,49.56,0.065,62.47,0.048,38.32,Deep
"GLOUP 000112   fp1.",-20.017,0,Truth_Pelagic,0.542,204,0.184,227.15,0.119,187.4,0.052,224.94,0.062,324.14,0.03,220.17,0.019,318,0.008,159.7,Deep
"GLOUP 000116   fs1.",-57.032,-53.54,Truth_Pelagic,0.357,280.76,0.124,311.88,0.074,254.51,0.036,307.53,0.12,120.04,0.169,62.9,0.038,110.54,0.04,44.89,Deep
"GLOUP 000128   fs2.",-52.483,-56.667,Truth_Pelagic,0.389,273.71,0.159,308.57,0.073,249.39,0.046,305.02,0.124,92.52,0.164,57.33,0.04,85.54,0.039,44.14,Deep
"GLOUP 000133   fs3.",-47.085,-60.052,Truth_Pelagic,0.408,269.32,0.206,300.35,0.066,249,0.059,298.02,0.15,66.12,0.179,49.07,0.048,65.39,0.041,37.97,Deep
"GLOUP 000139 id2.",66.828,-28.32,Truth_Pelagic,0.407,237.04,0.242,271.1,0.07,231.02,0.07,266.97,0.08,121.25,0.032,112.15,0.026,117.79,0.004,116.82,Deep
"GLOUP 000146   marf",-36.012,-31.999,Truth_Pelagic,0.105,221.79,0.049,205.47,0.037,255.69,0.014,191.28,0.045,180.45,0.069,116.17,0.015,170.97,0.02,88.56,Deep
"GLOUP 000147   myr9",-55.492,-59.728,Truth_Pelagic,0.403,274.48,0.178,320.71,0.067,245.4,0.05,319.04,0.17,78.25,0.186,55.46,0.056,73.48,0.044,40.78,Deep
"GLOUP 000172   tdca",-11.033,-35.533,Truth_Pelagic,0.257,18.77,0.091,38.84,0.059,4.37,0.025,34.98,0.018,142.81,0.018,112.39,0.006,141.92,0.004,90.12,Deep
"GLOUP 000173   tdcb",-14.483,-37,Truth_Pelagic,0.205,4.57,0.07,22.81,0.051,349.48,0.019,18.14,0.019,147.73,0.023,101.95,0.006,142.7,0.007,75.23,Deep
"GLOUP 000176   tdcc",-11.15,-38.517,Truth_Pelagic,0.252,10.91,0.089,28.21,0.059,357.8,0.025,23.01,0.018,134.27,0.017,88.92,0.005,130.24,0.005,65.6,Deep
"GLOUP 000182 amst",77.583,-37.901,Truth_Pelagic,0.417,228.99,0.228,271.97,0.077,212.78,0.064,268.73,0.076,146.19,0.036,165.99,0.023,147.16,0.009,180.02,Deep
"HOME PN1     Guiles",-163.749,28.692,Truth_Pelagic,0.117,337.1,0.072,341.44,0.024,333.9,0.021,333.7,0.145,247.9,0.086,241.3,0.045,244.6,0.015,242.3,Deep
"HOME PN2     Apr200",-161.945,26.875,Truth_Pelagic,0.123,346,0.074,350.02,0.024,343.7,0.022,342.4,0.156,242.7,0.09,234.8,0.048,239.3,0.015,235.5,Deep
"HOME PN3     Apr200",-164.322,26.822,Truth_Pelagic,0.113,356.9,0.062,351.87,0.024,352.8,0.018,342.4,0.144,243.7,0.084,238.1,0.045,240.8,0.014,240.6,Deep
"HOME PN5 Apr200",-156.694,25.401,Truth_Pelagic,0.145,347.8,0.084,0.05,0.027,345.7,0.025,353.4,0.173,236.8,0.099,226,0.054,233.6,0.016,224.2,Deep
"HOME PN6     Apr200",-153.082,23.843,Truth_Pelagic,0.166,2.3,0.09,12.28,0.033,359.8,0.026,5.1,0.19,233,0.107,220.9,0.058,229.3,0.017,216.9,Deep
"HOME PS1     Apr200",-161.137,16.429,Truth_Pelagic,0.214,68.9,0.071,83.54,0.04,61.6,0.019,71,0.119,222.8,0.062,213.8,0.037,219.2,0.009,213.3,Deep
"HOME PS4 Apr200",-158.9945715,13.7425155,Truth_Pelagic,0.23,59.9,0.077,72.01,0.044,51.1,0.021,59.5,0.139,223.6,0.074,213,0.043,220.4,0.011,210.6,Deep
"HOME PS5     Apr200",-154.496,17.175,Truth_Pelagic,0.243,44.3,0.09,54.38,0.048,34.6,0.025,44.5,0.15,225.2,0.082,212,0.046,222,0.013,208,Deep
"HOME PS6     Apr200",-151.669,20.575,Truth_Pelagic,0.201,25.5,0.091,33.54,0.042,18.3,0.026,25.7,0.174,229,0.098,215.4,0.054,225.5,0.016,211.6,Deep
"IAPSO 1.1.67    43",-21.867,43.033,Truth_Pelagic,0.622,84,0.209,110.02,0.136,67,0.059,108,0.056,90,0.034,335,0.018,83,0.01,295,Deep
"IAPSO 1.1.68/69",-15.49,44.98,Truth_Pelagic,0.848,92.63,0.289,121.8,0.183,73.64,0.083,119.47,0.067,83.46,0.052,334.15,0.021,75.98,0.017,286.09,Deep
"IAPSO 1.1.71    57",-10.083,57.15,Truth_Pelagic,1.022,169,0.387,203.7,0.205,148,0.108,200,0.103,123,0.074,357,0.033,113,0.028,307,Deep
"IAPSO 1.1.72    33",-29.4,33.983,Truth_Pelagic,0.363,43,0.147,61.35,0.077,29,0.041,58,0.032,66,0.022,298,0.011,60,0.007,251,Deep
"IAPSO 1.1.78    59",-7.683,59.2,Truth_Pelagic,0.931,193,0.356,226.63,0.189,171,0.108,224,0.091,147,0.079,368,0.026,136,0.027,323,Deep
"IAPSO 1.2.101   37",-67.983,37.8,Truth_Pelagic,0.413,353,0.088,20.14,0.095,332,0.021,23,0.078,177,0.06,183,0.025,177,0.014,182,Deep
"IAPSO 1.2.107   26",-75.9,26.55,Truth_Pelagic,0.366,1,0.061,23.91,0.083,339,0.016,24,0.09,195,0.069,198,0.028,195,0.015,188,Deep
"IAPSO 1.2.36    44",-40.5,44.483,Truth_Pelagic,0.144,31,0.059,48.44,0.033,18,0.017,49,0.047,140,0.019,123,0.016,138,0.001,118,Deep
"IAPSO 1.2.37    46",-46.567,46.067,Truth_Pelagic,0.147,341,0.064,18.94,0.03,330,0.018,14,0.059,158,0.038,138,0.02,157,0.006,121,Deep
"IAPSO 1.2.38    33",-41.183,33.917,Truth_Pelagic,0.253,10,0.1,35.97,0.052,356,0.027,33,0.02,133,0.014,225,0.006,134,0.005,226,Deep
"IAPSO 1.2.39    26",-43.967,26.583,Truth_Pelagic,0.148,329,0.061,2.28,0.026,311,0.018,357,0.013,219,0.03,233,0.005,225,0.008,224,Deep
"IAPSO 1.2.53 57",-58.95,57.033,Truth_Pelagic,0.645,304,0.237,333.67,0.142,285,NaN,NaN,0.121,164,0.079,125,NaN,NaN,NaN,NaN,Deep
"IAPSO 1.2.63    54",-52.783,54.033,Truth_Pelagic,0.396,295,0.162,327.44,0.085,278,NaN,NaN,0.097,159,0.072,125,NaN,NaN,NaN,NaN,Deep
"IAPSO 1.2.65    51",-52.983,51.667,Truth_Pelagic,0.328,303,0.149,336.4,0.07,290,NaN,NaN,0.089,160,0.06,126,NaN,NaN,NaN,NaN,Deep
"IAPSO 1.2.77    35",-74.05,35.483,Truth_Pelagic,0.425,353,0.083,15.46,0.095,335,0.02,21,0.089,183,0.071,186,0.029,183,0.016,185,Deep
"IAPSO 1.2.93    37",-69.25,37.283,Truth_Pelagic,0.417,353,0.087,18.8,0.096,332,0.021,23,0.08,178,0.062,183,0.026,178,0.014,184,Deep
"IAPSO 1.2.98    36",-68.25,36.65,Truth_Pelagic,0.411,353,0.087,18.73,0.094,332,0.021,23,0.077,178,0.06,184,0.025,178,0.013,184,Deep
"IAPSO 1.3.12    19",-47.517,19,Truth_Pelagic,0.21,251,0.069,284.51,0.044,229,0.02,285,0.039,248,0.049,233,0.014,247,0.011,222,Deep
"IAPSO 1.3.17 0",-9.983,-0.017,Truth_Pelagic,0.33,160,0.117,183.54,0.081,147,0.031,181,0.085,344,0.017,245,0.026,340,0.006,142,Deep
"IAPSO 1.3.18 0",6,0.017,Truth_Pelagic,0.506,96,0.177,124.65,0.109,90,0.046,119,0.113,354,0.018,309,0.033,350,0.004,104,Deep
"IAPSO 1.4.34    34",17.8,-34.583,Truth_Pelagic,0.496,33,0.216,53.99,0.109,25,0.06,50,0.055,112,0.015,234,0.015,109,0.008,211,Deep
"IAPSO 2.1.17    56",-144.367,56.133,Truth_Pelagic,0.955,283,0.311,315.26,0.198,258,0.079,307,0.434,266,0.27,250,0.137,262,0.05,242,Deep
"IAPSO 2.1.52    53",-154.283,53.417,Truth_Pelagic,0.718,298,0.247,326.44,0.148,275,0.067,319,0.417,273,0.264,258,0.13,270,0.048,251,Deep
"IAPSO 2.2.9 33",137.583,33.767,Truth_Pelagic,0.412,255,0.189,279.04,0.071,250,0.053,275,0.213,47,0.162,28,0.068,47,0.033,19,Deep
"IAPSO 2.3.6      2",164.417,-2,Truth_Pelagic,0.517,139,0.304,151.46,0.108,139,0.086,146,0.155,58,0.091,37,0.048,55,0.017,19,Deep
"IAPSO 4.1.4     44",146.217,-44.117,Truth_Pelagic,0.12,353,0.06,116.03,0.037,306,0.015,122,0.186,275,0.129,254,0.059,270,0.03,236,Deep
"KESS_b1  2004-2006",144.57,37.11,Truth_Pelagic,0.25,192.34,0.124,230.55,0.026,180.1,0.035,224.09,0.212,28.12,0.171,10.05,0.068,26.17,0.035,359.94,Deep
"KESS_b3  2004-2006",146.46,37.1,Truth_Pelagic,0.226,188.28,0.115,229.19,0.021,171.87,0.032,222.24,0.203,26.41,0.165,7.9,0.066,24.01,0.034,358.36,Deep
"KESS_c6  2004-2006",148.85,36.35,Truth_Pelagic,0.192,183.77,0.102,227.99,0.015,160.56,0.029,221.71,0.187,24.46,0.152,5.39,0.06,22.34,0.031,355.83,Deep
"KESS_d4 2004-2006",146.45,35.59,Truth_Pelagic,0.209,194.27,0.11,233.46,0.018,184.61,0.031,227.14,0.194,28.73,0.157,9.93,0.062,26.72,0.032,0.1,Deep
"KESS_f3 2004-2006",145.5,34.01,Truth_Pelagic,0.205,204.63,0.11,240.28,0.02,205.49,0.031,233.77,0.189,32.99,0.152,13.96,0.061,31.05,0.031,3.98,Deep
"KESS_h6  2004-2006",148.35,32.37,Truth_Pelagic,0.156,198.66,0.09,237.32,0.011,203.36,0.025,230.76,0.167,31.74,0.134,11.69,0.053,29.76,0.028,1.7,Deep
"KESS_i1  2004-2006",144.09,31.49,Truth_Pelagic,0.204,223.54,0.109,252.99,0.025,232.97,0.03,246.49,0.181,40.26,0.143,21.14,0.058,38.42,0.03,11.02,Deep
"MOVE_M1_2004-6   20",-51.527,15.45,Truth_Pelagic,0.277,234.04,0.088,261.37,0.062,216.21,0.024,258.35,0.061,244.6,0.06,231.13,0.02,243.88,0.013,207.31,Deep
"MOVE_M2_2004-6   27",-56.95,15.987,Truth_Pelagic,0.17,235.04,0.058,257.19,0.039,217.91,0.015,252.68,0.069,235.45,0.063,226.34,0.022,234.69,0.013,205.83,Deep
"MOVE_M3_2004-6   19",-60.488,16.355,Truth_Pelagic,0.095,235.32,0.037,252.07,0.023,219.32,0.01,247.08,0.077,231,0.066,224.53,0.025,230.85,0.013,204.29,Deep
"MOVE_M6_2004-5   21",-56.68,20.592,Truth_Pelagic,0.099,297.55,0.03,309.73,0.022,275.66,0.008,307.94,0.056,224.51,0.054,220.92,0.018,225.08,0.012,200.74,Deep
"POL GRACE-2  ghf030",-40.37,-44.42,Truth_Pelagic,0.212,285.85,0.071,306.15,0.058,271.86,0.02,303.29,0.037,127.09,0.075,73.75,0.013,117.54,0.02,48.81,Deep
"POL GRACE-3  ghf030",-45.302,-43.198,Truth_Pelagic,0.207,285.5,0.06,311.36,0.061,269.17,0.016,310.32,0.044,135.56,0.087,78.16,0.015,125.19,0.024,52.11,Deep
"RAPID RL06 W1_06-08",-69.717,39.599,Truth_Pelagic,0.417,351.31,0.085,16.34,0.096,330.54,0.023,14.31,0.087,175.3,0.066,180.49,0.027,175.55,0.014,172.19,Deep
"RAPID RL08 A0_04-06",-52.188,43.26,Truth_Pelagic,0.362,337.67,0.101,11.68,0.076,319.99,0.028,9.58,0.057,164.16,0.046,170.01,0.018,164.23,0.009,155.14,Deep
"RAPID RL14 B0_04-06",-60.91,42.997,Truth_Pelagic,0.445,345.85,0.102,17.29,0.097,326.33,0.028,14.55,0.069,168.88,0.055,175.88,0.02,169.8,0.012,161.52,Deep
"RAPID r04 B5_06-07",-60.313,42.209,Truth_Pelagic,0.43,346.58,0.102,17.95,0.093,325.12,0.028,15.49,0.067,169.54,0.053,176.36,0.021,170.81,0.012,164.8,Deep
"RAPID_MAR1#1   (200",-50.26,24.491,Truth_Pelagic,0.153,320.98,0.051,349.12,0.031,298.48,0.014,347.66,0.032,220.36,0.039,222.73,0.011,221.51,0.01,202.86,Deep
"RAPID_MAR4#1   (200",-41.301,24.502,Truth_Pelagic,0.124,301.55,0.055,347.99,0.023,272.09,0.016,346.55,0.01,271.57,0.031,242.82,0.004,270.23,0.009,214.57,Deep
"URI DP111  Drake Pa",-61.046,-61.111,Truth_Pelagic,0.327,273.13,0.139,343.66,0.05,229.04,0.038,342.09,0.214,76.4,0.209,54,0.07,72.96,0.045,41.32,Deep
"URI DP119  Drake Pa",-63.912,-56.691,Truth_Pelagic,0.42,261.49,0.094,315.08,0.09,223.3,0.026,309.32,0.171,96.11,0.167,53.67,0.054,90.22,0.035,33.06,Deep
"59500 Penrith I.",149.9,-21,Truth_Shelf,1.516,27.76,0.566,13.6,0.384,23.9,0.148,10.58,0.37,36.49,0.184,8.67,0.105,34.81,0.037,357.31,Shelf
"59550 Bell Cay",151.25,-21.817,Truth_Shelf,1.127,2.06,0.456,357.5,0.207,357.5,0.133,351.58,0.308,17.29,0.162,351.77,0.092,15.51,0.043,343.71,Shelf
"59620 High Peak I.",150.683,-21.95,Truth_Shelf,1.496,8.16,0.563,4.5,0.392,2.8,0.166,0.68,0.348,23.09,0.169,354.37,0.096,25.81,0.051,340.81,Shelf
"59700 Heron I.",151.917,-23.45,Truth_Shelf,0.829,322.26,0.289,318.6,0.182,302.9,0.088,312.68,0.251,8.89,0.13,336.67,0.072,7.61,0.024,303.31,Shelf
"60585 Hogan I.",146.9777643,-39.215936,Truth_Shelf,0.671,28.66,0.112,209.9,0.194,358.7,0.022,221.68,0.212,295.59,0.138,277.27,0.063,291.41,0.038,252.91,Shelf
"60617 Curtis I.",146.717,-39.483,Truth_Shelf,0.81,32.36,0.133,201.9,0.199,353.2,0.026,213.68,0.203,296.39,0.131,271.57,0.061,292.21,0.039,245.61,Shelf
"60875 Three Hummock",144.833,-40.45,Truth_Shelf,0.782,62.16,0.101,172.8,0.182,37.7,0.015,181.38,0.13,301.29,0.097,269.77,0.039,299.81,0.027,268.91,Shelf
"61937 Shelf Edge Mo",135.75,-35.767,Truth_Shelf,0.135,71.15,0.149,109.7,0.01,156.62,0.043,111.42,0.177,244.11,0.133,227.84,0.056,240.09,0.029,215.31,Shelf
"61960 Pearson I.",134.2667425,-33.9287271,Truth_Shelf,0.202,77.75,0.232,110.4,0.026,156.72,0.075,105.82,0.161,235.31,0.14,223.34,0.054,229.39,0.035,212.81,Shelf
"62010 St Francis I.",133.317,-32.5,Truth_Shelf,0.246,75.45,0.313,109.3,0.035,231.02,0.101,105.52,0.183,236.11,0.12,224.34,0.062,229.39,0.052,245.71,Shelf
"62501 North West I.",115.512408,-20.3529582,Truth_Shelf,0.656,67.23,0.369,127.6,0.112,49.48,0.098,127.84,0.199,170.57,0.131,164.16,0.064,168.83,0.035,166.71,Shelf
"62610 Bedout I.",119.1024033,-19.6014554,Truth_Shelf,1.626,67.83,1.026,129.1,0.279,40.98,0.289,127.14,0.252,189.37,0.107,157.46,0.073,187.93,NaN,NaN,Shelf
"62990 North Maret I",124.983,-14.4,Truth_Shelf,1.896,68.43,1.229,124,0.295,54.68,0.354,122.34,0.324,182.27,0.188,174.86,0.094,183.93,0.043,171.31,Shelf
"63022 Heywood Shoal",124.05,-13.467,Truth_Shelf,1.506,63.63,0.946,121.5,0.259,39.38,0.273,119.94,0.297,175.47,0.236,159.66,0.086,176.93,0.07,152.21,Shelf
"63023 Pee Shoal",124.833,-11.767,Truth_Shelf,0.907,79.03,0.515,122.5,0.179,63.18,0.148,120.84,0.344,182.47,0.202,167.76,0.1,183.93,0.052,175.11,Shelf
"63028 Van Cloon Sho",126.417,-12.65,Truth_Shelf,0.556,76.03,0.376,122.3,0.071,62.18,0.106,121.44,0.406,184.97,0.228,176.56,0.113,184.73,0.047,159.31,Shelf
"63040 Lesueur I.",127.283,-13.833,Truth_Shelf,0.391,305.73,0.063,3.4,0.075,290.58,0.018,1.84,0.567,202.67,0.321,198.86,0.152,205.43,0.039,199.61,Shelf
"63107 Calder Shoal",129.067,-10.85,Truth_Shelf,0.634,165.85,0.291,222.3,0.119,148.32,0.082,225.42,0.434,188.51,0.234,174.84,0.124,187.99,0.048,156.81,Shelf
"63177 Cape Scott (o",129.533,-13.417,Truth_Shelf,1.433,245.45,0.685,292.4,0.224,220.72,0.192,290.12,0.526,192.41,0.329,182.54,0.147,194.99,0.061,164.51,Shelf
"63447 Cape Wessel w",136.017,-10.917,Truth_Shelf,0.988,297.45,0.333,4.7,0.225,278.92,0.106,351.02,0.348,287.41,0.391,251.94,0.086,276.79,0.096,213.31,Shelf
"63483 Truant I.",136.817,-11.65,Truth_Shelf,0.848,330.85,0.265,44.3,0.18,300.72,0.088,24.62,0.325,313.71,0.254,252.34,0.077,309.69,0.045,217.91,Shelf
"63587 Nassau R. (OF",140.2,-15.4,Truth_Shelf,0.041,140.76,0.04,280.9,0.003,198.2,NaN,NaN,0.513,153.49,0.364,90.27,0.144,156.11,0.073,53.71,Shelf
"Adriatic VR2 BPR  B",12.637,45.279,Truth_Shelf,0.227,257.8,0.139,263.7,0.039,257.3,0.038,264.2,0.168,63.1,0.051,45.5,0.053,59.7,NaN,NaN,Shelf
"Atl.Bight LTM    18",-72.917,40.117,Truth_Shelf,0.534,348,0.118,14,0.128,331,NaN,NaN,0.092,169,0.059,174,NaN,NaN,NaN,NaN,Shelf
"DDH #1 DAG Bottom g",3.333,54.833,Truth_Shelf,0.456,149.3,0.132,197.2,0.084,125.4,0.037,197.2,0.045,304.6,0.052,145.5,0.015,304.6,0.019,126.5,Shelf
"DDH #12        dept",5.664,54.335,Truth_Shelf,0.344,243.4,0.096,297.6,0.057,237.2,0.026,297.4,0.049,0.6,0.059,209.1,0.016,0.8,0.019,142,Shelf
"DDH #13       depth",5.117,54.438,Truth_Shelf,0.337,217.4,0.085,270.8,0.064,195.6,0.023,270.8,0.044,352.5,0.047,189.1,0.014,352.5,0.021,136.2,Shelf
"DDH #16",3.493,53.831,Truth_Shelf,0.593,177.1,0.2,226.4,0.109,161.9,0.054,226.3,0.052,345.3,0.096,160.2,0.017,345.3,0.045,76.9,Shelf
"DDH #18",3.033,54.033,Truth_Shelf,0.677,166.2,0.234,220,0.093,154.5,0.064,219.9,0.09,330,0.08,153.2,0,0,0.029,86.4,Shelf
"DDH #20",4.75,54.1,Truth_Shelf,0.449,204,0.117,259.1,0.086,180.3,0.032,259,0.053,340.2,0.064,182.4,0.018,340.2,0.029,139.1,Shelf
"DDH #3 DAG Bottom g",4.45,54.867,Truth_Shelf,0.268,173.2,0.069,223.9,0.051,146.4,0.019,223.9,0.035,330.1,0.036,169.6,0.012,330.1,0.018,140.3,Shelf
"DDH #4 DAG Bottom g",4.017,55,Truth_Shelf,0.305,155.8,0.082,204.9,0.056,131.2,0.023,204.9,0.035,314.7,0.04,160.9,0.012,314.7,0.016,138.8,Shelf
"DDH #5 DAG Bottom g",3.167,55.333,Truth_Shelf,0.412,126.7,0.114,172.6,0.079,100.1,0.032,172.6,0.046,298.2,0.045,137,0.015,298.2,0.018,103.9,Shelf
"DDH #6 DAG Bottom g",4.667,55.333,Truth_Shelf,0.144,151.5,0.033,201.2,0.023,132.4,0.009,201.2,0.025,330.5,0.023,178.5,0.008,330.5,0.017,153.4,Shelf
"DDH #7 DAG Bottom g",3.067,55.633,Truth_Shelf,0.389,113.5,0.103,157,0.071,88.3,0.029,157,0.041,292.3,0.044,136.9,0.014,292.3,0.018,115.6,Shelf
"DDH #8 209 DAG Bott",4.417,53.833,Truth_Shelf,0.605,189.6,0.165,247.1,0.092,170.3,0.048,247.5,0.065,334.6,0.072,179,0.022,349.5,0.024,99.1,Shelf
"GLOUP 000012   b003",-2.438,58.617,Truth_Shelf,0.76,325.8,0.27,2.36,0.156,303.31,NaN,NaN,0.072,191.68,0.092,32.09,NaN,NaN,0.038,314.3,Shelf
"GLOUP 000013   b003",-3.717,53.767,Truth_Shelf,2.663,318.03,0.869,358.64,0.525,294.84,NaN,NaN,0.126,179.85,0.127,43.8,NaN,NaN,0.046,345.3,Shelf
"GLOUP 000015   b003",-3.563,50.252,Truth_Shelf,1.46,164.11,0.583,218.68,0.265,157.32,NaN,NaN,0.092,109.37,0.057,354.61,NaN,NaN,0.02,287.85,Shelf
"GLOUP 000016   b003",-4.117,53.763,Truth_Shelf,2.377,317.42,0.754,355.1,0.465,295.34,NaN,NaN,0.111,202.08,0.118,41.79,NaN,NaN,0.035,25.97,Shelf
"GLOUP 000017   b003",-6.6,51.75,Truth_Shelf,1.444,154.2,0.497,201.7,0.275,138.9,NaN,NaN,0.039,132.76,0.057,15.28,NaN,NaN,0.014,331.23,Shelf
"GLOUP 000018   b003",7.167,55.083,Truth_Shelf,0.393,334.36,0.109,34.53,0.071,304.03,NaN,NaN,0.034,30.86,0.06,257.74,NaN,NaN,0.028,170.11,Shelf
"GLOUP 000019   b003",7.833,55,Truth_Shelf,0.617,343.37,0.166,45.69,0.114,311.27,NaN,NaN,0.043,38.37,0.08,264.03,NaN,NaN,0.038,165.1,Shelf
"GLOUP 000022   b003",2.1,53.24,Truth_Shelf,0.862,187.21,0.312,237.37,0.174,165.36,NaN,NaN,0.114,305.75,0.116,144.14,NaN,NaN,0.052,105.16,Shelf
"GLOUP 000023   b003",0.84,54.01,Truth_Shelf,1.461,139.9,0.509,185.52,0.293,116.47,NaN,NaN,0.12,270.02,0.141,107.67,NaN,NaN,0.054,62.12,Shelf
"GLOUP 000024   b003",0.25,54.8,Truth_Shelf,1.258,109.04,0.428,152.57,0.252,85.85,NaN,NaN,0.096,253.17,0.115,93.96,NaN,NaN,0.048,49.74,Shelf
"GLOUP 000025   b003",-0.545,55.327,Truth_Shelf,1.282,87.58,0.438,129.73,0.254,64.35,NaN,NaN,0.091,238.16,0.115,80.57,NaN,NaN,0.044,42.21,Shelf
"GLOUP 000026 b003",-1.2,56.267,Truth_Shelf,1.21,57.23,0.416,97.54,0.241,34.51,NaN,NaN,0.087,216.01,0.111,66.46,NaN,NaN,0.043,21.9,Shelf
"GLOUP 000049   b003",-7.5,58.783,Truth_Shelf,1.049,191.08,0.405,223.9,0.211,170.2,NaN,NaN,0.118,139.88,0.086,5.38,NaN,NaN,0.036,323.27,Shelf
"GLOUP 000059   b004",4.517,59.333,Truth_Shelf,0.246,285.62,0.101,326.39,0.047,260.15,NaN,NaN,0.019,164.8,0.021,40.85,NaN,NaN,0.018,257.43,Shelf
"GLOUP 000082 1.1.77",-7.398,58.987,Truth_Shelf,0.989,193.15,0.384,226.19,0.203,172.51,NaN,NaN,0.115,148.29,0.086,5.44,NaN,NaN,0.023,314.68,Shelf
"GLOUP 000084 1.1.79",-6.008,59.645,Truth_Shelf,0.853,209.72,0.329,241.93,0.172,188.2,NaN,NaN,0.094,153.62,0.077,10.5,NaN,NaN,0.025,334.95,Shelf
"GLOUP 000087 1.1.81",-1.552,61.132,Truth_Shelf,0.561,266.97,0.199,299.94,0.115,245.27,NaN,NaN,0.077,153.18,0.068,20.44,NaN,NaN,0.023,336.79,Shelf
"GLOUP 000090 1.1.83",0.022,61.5,Truth_Shelf,0.524,281.56,0.185,315.72,0.107,259.94,NaN,NaN,0.073,156.47,0.072,25.89,NaN,NaN,0.023,343.24,Shelf
"GLOUP 000185   b003",0.76,55.583,Truth_Shelf,0.868,92.34,0.286,134.36,0.173,69.14,NaN,NaN,0.066,250.82,0.086,92.76,NaN,NaN,0.037,44.73,Shelf
"GLOUP 000189   b003",2.217,52.467,Truth_Shelf,0.38,275.63,0.13,309.64,0.07,244.92,NaN,NaN,0.058,1.33,0.107,166.53,NaN,NaN,0.023,143.27,Shelf
"GLOUP 000195   b003",-4.135,53.77,Truth_Shelf,2.376,316.09,0.766,355.17,0.482,296.71,NaN,NaN,0.105,177.41,0.139,50.17,NaN,NaN,0.057,331.76,Shelf
"GLOUP 000196   b003",-5.01,51.41,Truth_Shelf,2.341,165.01,0.848,210.22,0.462,139.31,NaN,NaN,0.073,121.69,0.057,352.28,NaN,NaN,0.037,291.1,Shelf
"GLOUP 000197   b003",-4.998,50.918,Truth_Shelf,2.383,153.08,0.855,198.19,0.457,125.72,NaN,NaN,0.071,107.49,0.052,348.95,NaN,NaN,0.039,282.79,Shelf
"GLOUP 000200 1.4.3",-47.51,-26.3,Truth_Shelf,0.248,157.62,0.163,159.14,0.041,226.37,NaN,NaN,0.066,178.77,0.106,115.13,NaN,NaN,0.036,83.51,Shelf
"GLOUP 000201   b003",-47.51,-26.3,Truth_Shelf,0.248,157.69,0.162,159.07,0.041,226.32,NaN,NaN,0.066,179.15,0.105,114.96,NaN,NaN,0.035,84.03,Shelf
"GLOUP 000206 1.1.19",-6.357,59.492,Truth_Shelf,0.924,205.32,0.358,237.46,0.186,183.62,NaN,NaN,0.109,144.49,0.084,10.94,NaN,NaN,0.035,329.49,Shelf
"GLOUP 000248   b003",-6.943,51.048,Truth_Shelf,1.649,143.88,0.564,193.25,0.315,120.78,NaN,NaN,0.044,125.48,0.04,356.84,NaN,NaN,0.007,14.77,Shelf
"GLOUP 000249   b003",-7.2,47.75,Truth_Shelf,1.3,102.46,0.451,139.05,0.27,82.82,NaN,NaN,0.074,70.14,0.069,327,NaN,NaN,0.023,283.68,Shelf
"GLOUP 000250   b003",-0.05,59.297,Truth_Shelf,0.526,319.44,0.188,353.69,0.1,297.53,NaN,NaN,0.063,182.05,0.06,32.63,NaN,NaN,0.023,320.88,Shelf
"GLOUP 000254 1.1.48",-1.25,58.933,Truth_Shelf,0.67,323.11,0.241,357.97,0.137,300.19,NaN,NaN,0.061,191.41,0.085,37.54,NaN,NaN,0.029,309.53,Shelf
"'CRAIG, AK'",-133.142,55.4883,NOAA,1.135,269.3,0.335,301.2,0.237,243,0.091,303.8,0.442,263.2,0.272,247,0.146,262,0.023,356.2,Deep
"'Chirikof Island, AK'",-155.74,55.8083,NOAA,0.903,302.9,0.31,335.4,0.179,280.5,0.084,338,0.44,277.2,0.3,260.4,0.146,275.9,0.056,257.6,Deep
"'North Foreland, AK'",-151.163,61.0433,NOAA,2.48,75.1,0.74,108.9,0.448,39.7,0.201,111.6,0.592,327.3,0.362,313.4,0.196,326.2,0.078,317.1,Deep
"'Rappahannock Light, VA'",-76.015,37.5383,NOAA,0.239,86.8,0.034,113,0.042,66.9,0.009,115.2,0.04,222.4,0.03,248.5,0.013,224.4,0.007,256.1,Deep
"'Realitos Peninsula, TX'",-97.2828538,26.2631697,NOAA,0.01,53.4,0.002,81.8,0.002,24.2,0.005,50,0.055,123.8,0.05,112.9,0.013,116.8,0.029,12.8,Deep
"'SEAL ISLAND, AK'",-147.41,60.425,NOAA,1.346,288.8,0.455,319.6,0.279,264.4,0.124,322.1,0.488,273.2,0.293,258,0.161,272,0.06,249.3,Deep
"'Saipan,'",145.7370054,15.2271555,NOAA,0.188,296.2,0.043,305.3,0.046,278.9,0.015,300.7,0.167,64.9,0.113,45.6,0.061,66.7,0.025,33.3,Deep
"'Settlement Point, Bahamas'",-78.9967,26.71,NOAA,0.405,10.6,0.07,36.6,0.093,349.8,0.018,36.6,0.067,197.1,0.046,199.2,0.021,197.2,0.011,214.3,Deep
"'Silver Eel Pond, NY'",-72.03,41.2567,NOAA,0.323,60.1,0.061,73.8,0.078,37.6,0.016,68.9,0.074,178.9,0.047,208.1,0.025,199.6,0.013,192.7,Deep
"'Sitkalidak Island GPS Tide Buoy, AK'",-153.2522,56.9657,NOAA,0.908,298.7,0.328,329.2,0.18,274.6,0.089,331.7,0.335,272.2,0.227,258.1,0.111,271.2,0.043,257.6,Deep
"'Trident Bay, Akun Island, AK'",-165.527,54.14,NOAA,0.252,340.4,0.122,336.4,0.076,335.4,0.033,336.1,0.327,300.1,0.238,285.5,0.108,299,0.048,264.4,Deep
"'Wake Island, Pacific Ocean,'",166.6133943,19.2887152,NOAA,0.288,115.1,0.146,150.1,0.048,106.4,0.042,144,0.063,45.1,0.051,14.7,0.02,43.6,0.013,3.9,Deep
"BASQUES    WOCE fas",-59.133,47.567,Truth_Coast,0.428,9.24,0.125,51.04,0.089,346.62,0.034,51.04,0.077,240.05,0.085,225.76,0.037,227.64,0.013,162.09,NS
"FORT POI   WOCE fas",-122.465,37.807,Truth_Coast,0.58,210.04,0.136,217.25,0.124,184.13,0.041,208.34,0.371,226.29,0.23,209.7,0.116,224.04,0.04,202.37,NS
"ACCCP Shannon Seamo",2.339,-42.993,Truth_Pelagic,0.36,26.79,0.137,48.71,0.079,16.98,0.038,43.33,0.018,105.76,0.01,15.74,0.005,99.25,0.003,337.08,Deep
"ASTTEX 01 - D.Byrne",15.813,-31.957,Truth_Pelagic,0.508,31.79,0.214,51.13,0.111,21.55,0.061,47.47,0.052,101.06,0.015,225.28,0.014,101.68,0.01,206.73,Deep
"ASTTEX 03 - D.Byrne",14.583,-34.124,Truth_Pelagic,0.498,32.85,0.212,53.15,0.109,23.2,0.06,49.02,0.048,107.4,0.013,229.52,0.013,105.92,0.008,210.99,Deep
"ASTTEX 06 - D.Byrne",13.465,-35.975,Truth_Pelagic,0.485,33.28,0.207,54.43,0.106,24.09,0.058,50.46,0.043,111.28,0.011,238.67,0.012,110.17,0.007,217.02,Deep
"ASTTEX 12 - D.Byrne",11.315,-39.241,Truth_Pelagic,0.453,33.08,0.191,55.52,0.098,23.71,0.054,51.5,0.034,115.27,0.008,278.33,0.009,113.45,0.005,238.45,Deep
"AWI_ANT11-3   acc_a",1.439,-50.258,Truth_Pelagic,0.233,20.04,0.08,46.72,0.054,13.49,0.022,39.38,0.022,33.58,0.039,355.31,0.008,25.54,0.01,340.81,Deep
"AWI_ANT13b-2   acc_",0,-53.521,Truth_Pelagic,0.157,12.07,0.039,37.69,0.039,9.38,0.01,23.19,0.034,12.35,0.052,352.73,0.012,9.41,0.013,340.62,Deep
"AWI_ANT5-1   acc_aw",9.944,-41.134,Truth_Pelagic,0.424,32.04,0.177,54.94,0.092,23.71,0.049,50.36,0.028,113.6,0.009,309.93,0.008,108.08,0.005,278.07,Deep
"AWI_ANT539-1   acc_",-8.482,-46.216,Truth_Pelagic,0.241,0.86,0.082,16.15,0.055,352.91,0.023,9.07,0.017,78.97,0.027,27.46,0.006,69.46,0.007,11.14,Deep
"AWI_ANT9-1   acc_aw",4.262,-47.656,Truth_Pelagic,0.294,25.51,0.112,50.89,0.065,17.37,0.031,45.57,0.016,66.08,0.028,351.26,0.005,52.31,0.008,330.51,Deep
"BEMPEX PC Guile",-169.343,40.682,Truth_Pelagic,0.189,321.9,0.098,326.74,0.049,313.8,0.028,319.4,0.202,283.5,0.137,272.3,0.064,279.6,0.024,268.4,Deep
"BEMPEX PD Aug86",-156.012,40.465,Truth_Pelagic,0.34,290.4,0.144,321.29,0.064,275.7,0.041,314.7,0.239,260.5,0.15,247.9,0.076,256.9,0.026,242.4,Deep
"BEMPEX PH     Aug86",-160.068,43.338,Truth_Pelagic,0.351,299.9,0.149,324.5,0.073,285.9,0.042,317.6,0.259,271.1,0.166,258,0.082,267.2,0.029,252.4,Deep
"DART 23227  Bay_Ben",88.792,6.255,Truth_Pelagic,0.148,44.46,0.064,63.15,0.034,41.44,0.017,61.86,0.064,214.77,0.026,182.04,0.018,216.02,0.007,90.5,Deep
"DART 32413  Equator",-93.5,-7.397,Truth_Pelagic,0.326,255.31,0.135,275.72,0.072,235.59,0.037,270.51,0.095,27.68,0.032,346.98,0.029,26.35,0.003,294.74,Deep
"DART 46409  Gulf_Al",-148.4271094,55.3,Truth_Pelagic,0.883,288.26,0.297,319.48,0.185,264.2,0.081,312.56,0.439,268.31,0.275,253.35,0.138,265.27,0.049,246.3,Deep
"DART 46412  San Die",-120.699,32.247,Truth_Pelagic,0.423,150.87,0.16,141.24,0.102,128.88,0.047,133.7,0.328,211.96,0.208,197.01,0.104,208.37,0.038,189.04,Deep
"DART_21413 (2006",152.118,30.55,Truth_Pelagic,0.112,178.34,0.07,224.22,0.008,141.92,0.02,216.67,0.142,30.3,0.115,8.8,0.045,28.27,0.024,358.13,Deep
"DART_21415   (2007",171.7171836,50.1969951,Truth_Pelagic,0.176,94.3,0.033,204.48,0.047,39.99,0.009,206.45,0.329,335.2,0.241,317.9,0.106,332.06,0.047,308.69,Deep
"DART_21418 (2007",148.694,38.711,Truth_Pelagic,0.217,178.03,0.109,223.48,0.025,147.61,0.031,217.67,0.205,21.71,0.167,3.29,0.065,21.1,0.035,352.26,Deep
"60610 Rabbit I.",146.517,-38.917,Truth_Shelf,0.697,43.16,0.169,216.6,0.165,7.7,0.034,228.38,0.238,297.99,0.158,273.77,0.071,293.71,0.038,251.91,Shelf
"61945 Greenly I.",134.783,-34.65,Truth_Shelf,0.157,73.45,0.19,110.5,0.011,169.52,0.056,109.22,0.165,238.21,0.126,223.74,0.049,235.19,0.033,208.51,Shelf
"Adriatic CP2 BPR  B",12.855,44.461,Truth_Shelf,0.146,265.8,0.088,272,0.025,265.4,0.024,272.6,0.152,66.2,0.047,48.9,0.048,63.1,NaN,NaN,Shelf
"Adriatic SS9 BPR  B",14.175,44.41,Truth_Shelf,0.078,226.3,0.044,231.5,0.014,228.5,0.012,232.2,0.133,54.1,0.041,38,0.042,51.1,NaN,NaN,Shelf
"DDH #11       depth",5.492,54.187,Truth_Shelf,0.475,234.6,0.119,293.6,0.085,208.1,0.034,293.6,0.053,353.1,0.066,194.4,0.018,353.1,0.02,147.5,Shelf
"DDH #14         dep",2.976,54.344,Truth_Shelf,0.606,157.7,0.178,205.6,0.105,133.2,0.048,205.4,0.082,294,0.061,163,0.027,294.2,0.032,79.1,Shelf
"DDH #17",3.883,53.917,Truth_Shelf,0.567,184.2,0.174,236.5,0.093,161.6,0.047,236.4,0.07,330.8,0.071,169.9,0.023,330.8,0.024,121.6,Shelf
"DDH #9 DAG Bottom g",3.667,55.167,Truth_Shelf,0.317,140.4,0.083,187.6,0.059,114.3,0.023,187.6,0.033,306.5,0.04,148.6,0.011,306.5,0.01,77.6,Shelf
"GLOUP 000008   b003",-5.367,53.442,Truth_Shelf,1.394,309.22,0.454,342.41,0.271,284.74,NaN,NaN,0.099,194.56,0.103,41.81,NaN,NaN,0.029,1.66,Shelf
"GLOUP 000011   b003",3.242,52.452,Truth_Shelf,0.157,53.67,0.024,168.57,0.025,185.93,NaN,NaN,0.095,341.36,0.111,172.15,NaN,NaN,0.033,163.33,Shelf
"GLOUP 000086   b004",-4.98,60.528,Truth_Shelf,0.592,225.21,0.222,257.23,0.12,203.53,NaN,NaN,0.085,140.22,0.062,6.85,NaN,NaN,0.022,321.96,Shelf
"GLOUP 000204 1.1.17",-8.583,58.033,Truth_Shelf,1.071,178.34,0.41,211.66,0.219,156.29,NaN,NaN,0.1,130.16,0.081,358.13,NaN,NaN,0.037,311.4,Shelf
"GLOUP 000255 1.1.49",0.252,59.32,Truth_Shelf,0.47,317.8,0.179,351.15,0.096,292.15,NaN,NaN,0.039,192.55,0.06,42.14,NaN,NaN,0.013,297.31,Shelf
"GLOUP 000262   b003",-5.742,55.86,Truth_Shelf,0.27,90.38,0.185,150.68,0.036,66.54,NaN,NaN,0.117,186.83,0.07,45.31,NaN,NaN,0.042,344.6,Shelf
"GLOUP 000263   b003",-5.595,54.962,Truth_Shelf,0.945,324.76,0.233,10.3,0.2,299.16,NaN,NaN,0.127,184.03,0.082,43.41,NaN,NaN,0.043,348.61,Shelf
"GLOUP 000264   b003",-6.163,55.463,Truth_Shelf,0.072,125.95,0.124,168.88,0.011,195.56,NaN,NaN,0.116,182.36,0.072,41.47,NaN,NaN,0.042,340.73,Shelf
"GLOUP 000265 1.1.61",-9.992,55.003,Truth_Shelf,1.169,157.51,0.438,191.81,0.243,137.91,NaN,NaN,0.13,114.69,0.081,351.04,NaN,NaN,0.034,292.14,Shelf
"GLOUP 000268   b003",-8.517,51.355,Truth_Shelf,1.304,140.32,0.414,179.9,0.265,118.74,NaN,NaN,0.021,109.85,0.017,19.16,NaN,NaN,0.014,352.12,Shelf
"GLOUP 000269 1.1.56",-7.612,50.528,Truth_Shelf,1.533,136.15,0.521,176.02,0.309,116.08,NaN,NaN,0.049,114.47,0.04,352.93,NaN,NaN,0.022,319.43,Shelf
"GLOUP 000270 1.1.57",-8.528,49.66,Truth_Shelf,1.377,122.9,0.462,159.33,0.286,104.17,NaN,NaN,0.083,104.69,0.061,351.25,NaN,NaN,0.015,4.07,Shelf
"GLOUP 000271 1.1.58",-9.817,50.517,Truth_Shelf,1.213,124.99,0.404,158.82,0.253,104.85,NaN,NaN,0.067,97.24,0.047,340.13,NaN,NaN,0.02,303.96,Shelf
"GLOUP 000272 1.1.59",-7.023,48.795,Truth_Shelf,1.509,117.36,0.521,154.31,0.311,97.41,NaN,NaN,0.068,93.12,0.06,332.79,NaN,NaN,0.024,295.83,Shelf
"GLOUP 000273 1.1.60",-9.797,51.14,Truth_Shelf,1.15,128.9,0.376,161.81,0.24,108.18,NaN,NaN,0.047,80.21,0.028,330.77,NaN,NaN,0.01,309.28,Shelf
"Georges Bank M1  55",-67.867,42.067,Truth_Shelf,0.782,92,0.122,121,0.18,63,NaN,NaN,0.112,199,0.085,185,NaN,NaN,NaN,NaN,Shelf
"Georges Basin BPR",-67.215,42.523,Truth_Shelf,0.811,77.7,0.166,113.1,0.181,50.5,NaN,NaN,0.108,191.5,0.086,179,NaN,NaN,NaN,NaN,Shelf
"GulfMaine Monhegan,",-69.383,43.667,Truth_Shelf,1.303,99,0.211,128,0.303,67,NaN,NaN,0.136,198,0.103,181,NaN,NaN,NaN,NaN,Shelf
"HEJKA DRILL SITE  C",-62.966,62.16,Truth_Shelf,1.609,316.02,0.549,359.81,0.337,288.78,0.142,360,0.114,157.02,0.069,121.12,0.038,154.58,0.01,86.72,Shelf
"IAPSO 1.1.85    48",-8.083,48.133,Truth_Shelf,1.253,106,0.429,139,0.257,87,0.123,136,0.073,76,0.066,328,0.025,64,0.024,278,Shelf
"IAPSO 1.1.87    35",-5.767,35.967,Truth_Shelf,0.601,52,0.225,74,NaN,NaN,NaN,NaN,0.025,83,0.015,292,NaN,NaN,NaN,NaN,Shelf
"IAPSO 1.2.13    26",-84.25,26.7,Truth_Shelf,0.068,97,0.035,103,0.014,96,0.01,102,0.126,12,0.118,5,0.043,11,0.026,357,Shelf
"IAPSO 1.2.21    61",-78.867,61.583,Truth_Shelf,0.352,94,0.165,132,0.07,77,NaN,NaN,0.031,17,0.005,59,NaN,NaN,0.009,38,Shelf
"IAPSO 1.2.33    53",-53.8,53.6,Truth_Shelf,0.399,300,0.165,332,0.096,287,0.046,324,0.105,164,0.065,125,0.033,161,0.013,71,Shelf
"IAPSO 1.2.40    47",-52.567,47.5,Truth_Shelf,0.368,313,0.148,357,0.071,301,0.041,353,0.081,165,0.069,134,0.025,156,0.013,95,Shelf
"IAPSO 1.2.41    47",-51.583,47.267,Truth_Shelf,0.348,321,0.14,361,0.068,309,0.03,356,0.074,166,0.058,137,0.023,157,0.01,94,Shelf
"IAPSO 1.2.42    47",-52.3,47.417,Truth_Shelf,0.366,316,0.146,359,0.071,304,0.041,355,0.079,166,0.066,135,0.024,157,0.012,96,Shelf
"IAPSO 1.2.45    43",-65.75,43.05,Truth_Shelf,0.832,31,0.139,60,0.185,4,0.039,52,0.124,170,0.088,150,0.039,168,0.017,123,Shelf
"IAPSO 1.2.46    43",-65.05,43.467,Truth_Shelf,0.696,2,0.153,31,0.154,340,0.043,14,0.121,153,0.068,134,0.046,155,0.012,64,Shelf
"IAPSO 1.2.50    56",-59.267,56.95,Truth_Shelf,0.653,304,0.229,334,0.15,282,NaN,NaN,0.125,164,0.079,128,NaN,NaN,NaN,NaN,Shelf
"IAPSO 1.2.55    53",-55.733,53.633,Truth_Shelf,0.457,309,0.182,340,0.104,292,NaN,NaN,0.108,160,0.06,118,NaN,NaN,NaN,NaN,Shelf
"IAPSO 1.2.65 51",-52.983,51.667,Truth_Shelf,0.331,303,0.153,337,0.071,290,NaN,NaN,0.09,160,0.061,126,NaN,NaN,NaN,NaN,Shelf
"IAPSO 1.2.68    46",-47.267,46.417,Truth_Shelf,0.156,338,0.075,14,0.033,326,NaN,NaN,0.053,160,0.049,148,NaN,NaN,NaN,NaN,Shelf
"IAPSO 1.3.4     14",-17.367,14.267,Truth_Shelf,0.457,265,0.21,309,0.098,248,NaN,NaN,0.049,8,0.041,256,NaN,NaN,0.011,206,Shelf
"IAPSO 1.4.3     26",-47.517,-26.3,Truth_Shelf,0.248,157,0.169,156,0.041,227,0.054,157,0.055,181,0.108,116,0.02,178,0.028,88,Shelf
"IAPSO 1.4.4     28",-47.517,-28.633,Truth_Shelf,0.127,162,0.079,147,0.024,234,0.025,148,0.072,168,0.107,112,0.026,165,0.027,93,Shelf
"IAPSO 2.1.18 60",-171.083,60.433,Truth_Shelf,0.205,171,0.022,249,0.069,121,0.005,235,0.181,326,0.098,310,0.058,323,0.018,302,Shelf
"IAPSO 2.1.19    58",-168.233,58.617,Truth_Shelf,0.334,151,0.019,249,0.111,98,0.004,240,0.124,303,0.063,305,0.039,300,0.013,312,Shelf
"IAPSO 2.1.20    57",-163.367,57.067,Truth_Shelf,0.452,157,0.005,343,0.147,102,0.002,10,0.283,13,0.19,358,0.093,11,0.034,348,Shelf
"IAPSO 2.1.32    59",-175.133,59.067,Truth_Shelf,0.23,106,0.019,196,0.06,61,0.005,251,0.348,334,0.232,318,0.115,333,0.042,313,Shelf
"IAPSO 2.1.33    60",-178.7,60.733,Truth_Shelf,0.218,87,0.026,164,0.053,43,0.005,189,0.384,334,0.259,317,0.127,333,0.049,311,Shelf
"IAPSO 2.1.4     59",-141.983,59.267,Truth_Shelf,1.06,281.5,0.351,312,0.219,258.2,0.09,313,0.483,264.5,0.29,251,0.158,263.5,0.049,247.7,Shelf
"IAPSO 2.1.7     55",-165.817,55.5,Truth_Shelf,0.355,106,0.018,327,0.132,52,0.005,321,0.344,325,0.238,311,0.114,322,0.043,305,Shelf
"IAPSO 2.1.8     55",-165.167,55.017,Truth_Shelf,0.419,89,0.031,5,0.158,40,0.009,349,0.409,320,0.264,304,0.133,317,0.052,293,Shelf
"MUMM Westhinder",2.45,51.383,Truth_Shelf,1.653,354.4,0.486,47.2,0.284,329.2,0.137,47.1,0.061,353.6,0.093,165.3,0.029,318,0.033,115.2,Shelf
"NE Shelf CXL     35",-71.05,41.15,Truth_Shelf,0.444,1,0.099,0,0.103,334,NaN,NaN,0.065,178,0.051,183,NaN,NaN,NaN,NaN,Shelf
"Nantucket NSFE1  36",-70.133,40.683,Truth_Shelf,0.387,356,0.089,18,0.094,340,NaN,NaN,0.065,173,0.056,190,NaN,NaN,NaN,NaN,Shelf
"Nantucket NSFE5  36",-70.383,40.033,Truth_Shelf,0.419,351,0.091,17,0.103,335,NaN,NaN,0.086,175,0.065,183,NaN,NaN,NaN,NaN,Shelf
"Onslow Bay 27, NC",-77.3,33.95,Truth_Shelf,0.548,353.59,0.103,16.39,0.133,334.53,NaN,NaN,0.093,186.71,0.068,190.3,NaN,NaN,0.016,192.58,Shelf
"Onslow Bay 63, NC",-77.1,33.4,Truth_Shelf,0.458,352.6,0.071,27.55,0.122,320.35,NaN,NaN,0.094,201.12,0.067,188.42,NaN,NaN,0.026,156.24,Shelf
"Platform Harvest  O",-120.682,34.469,Truth_Shelf,0.476,163.3,0.155,157.37,0.111,139.45,0.045,148.64,0.349,214.18,0.22,199.08,0.111,210.84,0.04,191.2,Shelf
"R2- offshore GA   R",-80.57,31.38,Truth_Shelf,0.784,5.89,0.136,25.4,0.172,340.71,NaN,NaN,0.117,178.24,0.071,195.86,NaN,NaN,0.013,189.27,Shelf
"R5- offshore GA   R",-80.77,30.93,Truth_Shelf,0.758,7.97,0.128,26.93,0.171,341.67,NaN,NaN,0.114,179.12,0.072,196.36,NaN,NaN,0.014,179.24,Shelf
"RDNZ Lichteiland Go",3.67,51.926,Truth_Shelf,0.861,37.49,0.218,94.61,0.132,9.32,0.065,93.25,0.076,344.06,0.112,172.95,0.03,333.22,0.039,125.62,Shelf
"South China ASIAEX",117.283,21.614,Truth_Shelf,0.13,5.3,0.052,19.6,NaN,NaN,NaN,NaN,0.254,170.6,0.237,127.4,NaN,NaN,NaN,NaN,Shelf
"Stellwagon Bank BPR",-70.348,42.372,Truth_Shelf,1.228,108.3,0.189,141.9,0.272,72.5,NaN,NaN,0.138,203.5,0.108,186.7,NaN,NaN,NaN,NaN,Shelf
"Tierra Fuego A  TU",-66.355,-54.302,Truth_Shelf,2.004,320,0.523,13,0.493,291,0.139,12,0.211,104,0.189,51,0.06,102,0.039,28,Shelf
"Tierra Fuego B  TU",-67.335,-53.018,Truth_Shelf,2.628,356,0.65,47,0.658,326,0.182,44,0.229,126,0.197,63,0.068,115,0.045,47,Shelf
"Yellow Sea NRL-A",125.251,33.267,Truth_Shelf,0.647,71.5,0.248,86.1,0.137,55.2,0.068,95,0.205,86.2,0.145,65.5,0.068,77.2,NaN,NaN,Shelf
"'Cape Sarichef, Unimak Island, AK'",-164.928,54.6,NOAA,0.41,65.2,0.027,5.1,0.135,24.5,0.007,0.2,0.398,308.7,0.282,296.1,0.132,307.8,0.06,266.1,Deep
"GLOUP 000079   b004",-9.875,57.317,Truth_Pelagic,1.014,169.53,0.382,203.31,0.204,148.17,0.116,201.27,0.103,127.46,0.076,356.04,0.029,117.79,0.024,310.61,Deep
"RAPID_EB1#1   (2004",-23.449,24.524,Truth_Pelagic,0.311,358.4,0.144,22.8,0.059,346.52,0.043,18.57,0.044,21.58,0.037,278.63,0.014,12.3,0.014,224.23,Deep
"GLOUP 000256 1.1.50",2.778,59.325,Truth_Shelf,0.321,308.72,0.126,343.71,0.063,286.24,NaN,NaN,0.026,183.59,0.035,56.1,NaN,NaN,0.017,274.03,Shelf
"GLOUP 000259   b003",-6.167,50.583,Truth_Shelf,1.904,142.12,0.653,186.95,0.377,121.82,NaN,NaN,0.056,108.05,0.057,347.39,NaN,NaN,0.016,311.29,Shelf
"GLOUP 000260 1.1.55",-7.533,50.55,Truth_Shelf,1.575,136.12,0.524,177.13,0.304,116.14,NaN,NaN,0.046,96.76,0.047,353.61,NaN,NaN,0.019,290.23,Shelf
"Georges Bank M7  18",-66.333,41.967,Truth_Shelf,0.41,38,0.086,59,0.097,12,NaN,NaN,0.076,182,0.065,178,NaN,NaN,NaN,NaN,Shelf
"IAPSO 1.2.22 44",-57.683,44.583,Truth_Shelf,0.443,345,0.108,23,0.098,320,0.03,15,0.055,162,0.047,166,0.017,160,0.009,175,Shelf
"IAPSO 2.1.21    55",-163.017,55.7,Truth_Shelf,0.714,134,0.014,45,0.245,81,0.006,28,0.49,335,0.313,318,0.16,332,0.058,307,Shelf
"NE Shelf Picket   3",-71.317,40.717,Truth_Shelf,0.44,349,0.095,0,0.12,317,NaN,NaN,0.079,167,0.053,182,NaN,NaN,NaN,NaN,Shelf
"R6- offshore GA R",-80.23,31.53,Truth_Shelf,0.677,1.5,0.125,28,0.165,339.7,0.028,10.37,0.098,190.95,0.072,198.14,0.032,188.95,0.015,186.33,Shelf
"RDNZ Euro platform",3.276,51.999,Truth_Shelf,0.741,24.57,0.183,80.44,0.116,-4.54,0.055,80.11,0.081,-14.39,0.115,173.51,0.031,333.51,0.04,125.07,Shelf
"RIKZ Wierumergronde",5.96,53.517,Truth_Shelf,0.951,231.09,0.258,292.34,0.155,206.62,0.077,291.58,0.071,-7.54,0.092,200.79,0.024,-6.07,0.033,147.83,Shelf
"Roti, Savu Sea",122.682,-10.815,Truth_Shelf,0.84,69.86,0.453,120.15,0.148,47.15,0.128,120.29,0.267,173.67,0.167,163.95,0.081,170.66,0.038,154.49,Shelf
"Scotia Shelf St Pau",-60.15,47.2,Truth_Shelf,0.308,366,0.101,47,0.064,343,NaN,NaN,0.085,295,0.091,266,NaN,NaN,NaN,NaN,Shelf
"South China ASIAEX",117.058,22.186,Truth_Shelf,0.119,36.8,0.042,28.7,NaN,NaN,NaN,NaN,0.251,169.2,0.242,131.1,NaN,NaN,NaN,NaN,Shelf
"Aasiaat",-52.8833,68.71,GESLA,0.673,349.411,0.278,22.051,0.135,329.115,0.076,21.776,0.332,214.989,0.116,170.818,0.101,210.945,0.011,131.653,Deep
"Abashiri",144.2875165,44.0231578,GESLA,0.171,163.222,0.079,207.363,0.026,138.451,0.023,201.856,0.213,53.661,0.221,31.958,0.074,50.935,0.047,17.287,Deep
"Abidjan-vridi",-4,5.2417,GESLA,0.25,130.131,0.089,158.282,0.056,128.681,0.024,152.537,0.079,0.415,0.022,326.749,0.024,355.455,0.002,115.205,Deep
"Acajutla-a",-89.8420547,13.5781273,GESLA,0.746,241.16,0.151,311.869,0.162,206.508,0.037,303.516,0.098,94.266,0.055,121.099,0.031,93.987,0.013,132.8,Deep
"Alert bay,bc",-126.931,50.587,GESLA,1.276,156.013,0.408,170.105,0.261,140.608,0.11,159.965,0.517,15.939,0.311,16.556,0.163,14.564,0.053,18.513,Deep
"Algeciras",-5.4333,36.1167,GESLA,0.325,47.909,0.121,74.689,0.066,33.729,0.035,71.6,0.024,129.451,0.009,163.591,0.008,133.177,0.004,191.904,Deep
"Ammassalik",-37,65.5,GESLA,0.981,200.3,0.393,238.676,0.189,177.554,0.107,236.614,0.147,149.081,0.07,111.697,0.047,143.336,0.007,54.685,Deep
"Andenes",16.15,69.3167,GESLA,0.665,341.476,0.224,20.703,0.137,317.134,0.063,19.006,0.065,190.965,0.042,45.794,0.017,180.423,0.018,344.444,Deep
"Angra heroismo-b",-27.24,38.65,GESLA,0.448,64.397,0.164,84.094,0.098,49.491,0.046,81.614,0.041,74.439,0.021,327.89,0.013,64.246,0.007,266.607,Deep
"Antalya",30.6167,36.8333,GESLA,0.065,240.534,0.038,253.367,0.011,239.553,0.012,250.702,0.023,291.347,0.015,267.4,0.007,293.772,0.002,251.302,Deep
"Apia-b",-171.75,-13.8167,GESLA,0.39,165.559,0.095,153.084,0.106,153.861,0.026,146.094,0.042,62.002,0.032,47.034,0.013,55.264,0.006,39.997,Deep
"Arecibo, pr",-66.7021452,18.4799593,GESLA,0.175,3.256,0.027,37.488,0.041,336.837,0.008,40.553,0.099,209.549,0.078,211.586,0.029,209.285,0.014,202.861,Deep
"Arica",-70.3333,-18.4667,GESLA,0.33,27.646,0.094,49.287,0.072,348.677,0.031,39.862,0.151,33.118,0.084,350.659,0.045,29.013,0.014,322.666,Deep
"Ascension",-14.4167,-7.9167,GESLA,0.336,179.5,0.12,197.853,0.076,165.444,0.034,194.463,0.053,325.573,0.026,198.629,0.014,316.113,0.009,153.752,Deep
"Ayukawa",141.5039911,38.2927082,GESLA,0.318,191.273,0.148,226.56,0.041,176.85,0.042,220.898,0.24,28.016,0.195,11.209,0.078,25.862,0.04,1.027,Deep
"Bahia los angeles",-113.55,28.9583,GESLA,0.654,261.237,0.349,269.064,0.186,250.289,0.096,265.911,0.339,185.303,0.221,173.323,0.109,182.216,0.041,166.03,Deep
"Balikpapan",116.8036907,-1.2715053,GESLA,0.604,284.186,0.461,334.715,0.079,266.175,0.14,331.549,0.236,162.743,0.17,140.149,0.072,157.861,0.039,136.435,Deep
"Bar harbor, frenchman bay, me",-68.204308,44.392252,GESLA,1.582,92.168,0.241,128.14,0.345,60.975,0.066,128.264,0.14,194.199,0.11,175.443,0.048,193.01,0.018,158.412,Deep
"Barcelona",2.163,41.342,GESLA,0.046,213.503,0.017,230.657,0.01,201.808,0.005,228.257,0.037,168.149,0.024,102.924,0.013,161.807,0.003,49.719,Deep
"Bari",16.9115,41.1372,GESLA,0.091,82.701,0.056,89.522,0.015,81.727,0.016,86.074,0.049,55.237,0.017,40.012,0.015,46.017,0.003,52.484,Deep
"Barseback",12.9033,55.7564,GESLA,0.062,241.259,0.02,190.231,0.016,194.981,0.005,170.714,0.003,105.036,0.014,351.483,0.002,187.956,0.004,272.064,Deep
"Base prat-a",-59.6333,-62.4833,GESLA,0.439,282.094,0.243,336.078,0.058,250.618,0.069,335.635,0.276,64.459,0.288,48.784,0.091,62.96,0.066,36.877,Deep
"Bermuda-b",-64.7033,32.3733,GESLA,0.369,359.059,0.082,25.027,0.084,339.025,0.022,24.395,0.066,185.724,0.054,192.213,0.02,188.753,0.011,181.962,Deep
"Bilbao",-3.05,43.357,GESLA,1.311,92.507,0.459,124.306,0.277,72.881,0.13,121.603,0.063,68.762,0.07,320.889,0.02,57.023,0.021,274.661,Deep
"Bjorn",17.9667,60.6333,GESLA,0.005,28.857,0.003,44.68,0.002,1.469,0.001,39.888,0.005,62.962,0.004,73.836,0,324.697,0.001,43.313,Deep
"Booby island",141.9167,-10.6,GESLA,0.718,202.369,0.14,323.029,0.169,161.685,0.048,294.798,0.696,44.482,0.429,352.334,0.182,36.565,0.08,328.665,Deep
"Bridgetown-d",-59.6299823,13.0994775,GESLA,0.232,222.492,0.046,239.256,0.049,215.659,0.012,221.95,0.085,232.806,0.07,232.897,0.017,229.814,0.012,226.923,Deep
"Broome",122.2192964,-18.0008979,GESLA,2.387,65.898,1.481,125.834,0.4,40.243,0.415,123.718,0.256,171.868,0.159,160.851,0.072,173.515,0.035,153.718,Deep
"Cape town",18.4345231,-33.8954405,GESLA,0.502,35.43,0.221,55.484,0.11,27.466,0.062,52.783,0.058,109.771,0.014,235.161,0.014,110.985,0.009,221.28,Deep
"Cartagena-b",-75.5333,10.3833,GESLA,0.072,139.556,0.017,51.167,0.026,113.921,0.005,41.638,0.097,242.476,0.058,243.389,0.029,240.345,0.009,239.595,Deep
"Casey",110.4900412,-66.2769469,GESLA,0.289,142.533,0.165,198.791,0.071,123.087,0.044,196.66,0.261,242.574,0.261,235.017,0.085,244.369,0.061,226.222,Deep
"Centuri",9.3498,42.9658,GESLA,0.085,223.235,0.034,241.313,0.017,211.955,0.009,236.854,0.036,188.742,0.016,110.679,0.012,179.66,0.003,19.545,Deep
"Ceuta",-5.3167,35.9,GESLA,0.3,48.691,0.113,76.323,0.063,35.104,0.034,66.232,0.038,141.969,0.02,100.616,0.01,142.769,0.001,160.651,Deep
"Chabahar",60.6029566,25.2987563,GESLA,0.665,155.772,0.257,185.014,0.164,138.526,0.069,179.996,0.397,338.731,0.206,339.956,0.122,336.182,0.043,340.705,Deep
"Christmas-b",-157.4717,1.9817,GESLA,0.264,80.117,0.085,97.315,0.042,79.264,0.023,84.597,0.082,214.171,0.038,194.84,0.025,213.607,0.006,174.738,Deep
"Cochino pequeno",-86.4996138,15.949999,GESLA,0.072,86.982,0.026,36.129,0.023,68.978,0.007,27.958,0.031,268.025,0.024,334.554,0.008,264.86,0.008,337.879,Deep
"Cocos",96.8911481,-12.1167315,GESLA,0.308,311.19,0.113,347.914,0.07,297.281,0.031,344.252,0.147,154.402,0.09,145.398,0.045,152.057,0.019,134.896,Deep
"Colombo",79.8341213,6.9643128,GESLA,0.18,245.565,0.125,288.357,0.022,234.117,0.036,285.084,0.071,309.84,0.03,340.349,0.022,314.087,0.009,3.212,Deep
"Corinto",-87.1167,12.2833,GESLA,0.882,245.651,0.191,313.512,0.184,212.654,0.044,307.692,0.101,90.184,0.048,115.498,0.03,88.525,0.012,134.567,Deep
"Cristobal",-79.9162016,9.3550423,GESLA,0.076,168.016,0.015,1.367,0.025,128.633,0.005,350.063,0.101,241.507,0.061,241.374,0.031,243.309,0.009,236.945,Deep
"Crotone",17.1368,39.0816,GESLA,0.055,72.273,0.029,74.769,0.01,71.796,0.009,67.297,0.018,44.327,0.008,37.053,0.006,37.244,0.002,65.503,Deep
"Crozet-b",51.8713411,-46.4268488,GESLA,0.138,157.498,0.038,193.752,0.032,140.257,0.01,185.523,0.03,133.657,0.027,297.925,0.006,113.44,0.008,287.442,Deep
"Dakar-e",-17.4200007,14.6766223,GESLA,0.458,259.473,0.165,296.143,0.091,236.079,0.048,293.508,0.062,352.261,0.038,250.869,0.019,340.387,0.011,196.942,Deep
"Dallmann-c",-58.6833,-62.2333,GESLA,0.454,283.876,0.25,335.479,0.06,254.428,0.071,336.245,0.278,63.901,0.296,47.216,0.089,61.469,0.071,34.266,Deep
"Darwin",130.8471676,-12.4728178,GESLA,1.856,249.294,0.961,297.979,0.348,228.329,0.269,295.685,0.583,200.308,0.331,189.988,0.162,203.868,0.077,184.46,Deep
"Davao-b",125.6290514,7.0761878,GESLA,0.564,286.32,0.287,320.585,0.099,272.297,0.084,319.297,0.129,98.788,0.087,86.922,0.045,91.007,0.016,94.353,Deep
"Davis",77.9667,-68.45,GESLA,0.202,207.31,0.177,307.221,0.059,171.088,0.05,309.027,0.275,276.614,0.287,269.388,0.09,275.663,0.067,260.67,Deep
"Diego garcia-d",72.4100128,-7.2925302,GESLA,0.492,263.632,0.285,293.564,0.088,260.726,0.08,288.683,0.037,71.869,0.04,67.219,0.013,58.669,0.009,53.33,Deep
"Diego ramirez",-68.715,-56.5083,GESLA,0.403,230.462,0.032,247.363,0.103,189.044,0.012,233.84,0.186,97.407,0.153,54.504,0.058,93.667,0.031,30.371,Deep
"Dumont d'urville",140.01,-66.6617,GESLA,0.274,60.004,0.153,109.009,0.074,41.78,0.044,105.536,0.304,225.524,0.312,206.944,0.101,223.124,0.071,197.119,Deep
"Dzaoudi",45.2521081,-12.782532,GESLA,1.046,27.236,0.536,66.749,0.193,5.793,0.147,63.437,0.139,3.86,0.088,6.44,0.042,2.764,0.02,351.558,Deep
"East london",27.9181591,-33.027351,GESLA,0.51,46.763,0.272,74.618,0.097,41.955,0.076,71.441,0.057,142.013,0.015,278.056,0.016,139.133,0.01,261.121,Deep
"Easter-c",-109.4483,-27.15,GESLA,0.199,14.085,0.068,235.172,0.064,342.027,0.022,237.482,0.079,15.827,0.047,356.968,0.025,12.229,0.008,349.95,Deep
"Eastport",-66.9828182,44.9045573,GESLA,2.661,98.651,0.418,138.938,0.544,68.445,0.115,138.506,0.151,196.166,0.117,177.722,0.05,195.969,0.019,162.793,Deep
"Enewetok-a",162.3867,11.43,GESLA,0.341,145.21,0.204,164.292,0.061,147.87,0.055,154.406,0.118,71.625,0.079,45.052,0.037,72.342,0.016,33.967,Deep
"Ensenada",-116.6333,31.85,GESLA,0.489,136.4,0.208,132.401,0.115,116.158,0.061,126.085,0.322,205.644,0.208,190.627,0.102,202.535,0.038,182.123,Deep
"Esmeraldas",-79.6467,0.9917,GESLA,1.117,246.267,0.302,300.187,0.242,215.209,0.078,295.019,0.104,53.045,0.022,52.171,0.033,51.632,0.003,142.011,Deep
"Esperanza, pr",-65.4715556,18.0937436,GESLA,0.028,344.385,0.009,7.422,0.003,309.65,0.003,6.507,0.082,232.872,0.063,226.263,0.025,233.828,0.011,211.819,Deep
"Exuma cays",-76.105,23.7733,GESLA,0.316,23.406,0.041,53.978,0.075,4.775,0.011,48.68,0.088,207.956,0.068,210.213,0.026,212.222,0.013,196.957,Deep
"Fanning-b",-159.3867,3.9067,GESLA,0.125,144.131,0.034,169.032,0.019,147.551,0.009,160.207,0.052,257.233,0.026,241.307,0.015,261.871,0.003,230.513,Deep
"Fer. de noronha-c",-32.4033,-3.8283,GESLA,0.785,210.309,0.258,232.029,0.161,196.8,0.074,227.117,0.053,284.942,0.047,207.303,0.017,279.303,0.015,151.289,Deep
"Fortaleza-a,uscgs",-38.4833,-3.7167,GESLA,0.918,217.601,0.305,239.819,0.193,201.96,0.086,237.496,0.073,265.059,0.068,223.266,0.02,264.458,0.014,194.509,Deep
"French frigate-a",-166.2883,23.8683,GESLA,0.098,58.002,0.025,47.797,0.017,44.994,0.008,28.16,0.123,234.721,0.067,227.958,0.039,232.249,0.01,227.839,Deep
"Fukaura",139.9234724,40.6467765,GESLA,0.051,178.068,0.021,212.703,0.012,162.567,0.006,201.078,0.053,212.672,0.053,186.921,0.019,209.279,0.012,170.651,Deep
"Funafuti-b",179.1946792,-8.50469,GESLA,0.577,154.206,0.244,156.027,0.138,148.65,0.067,150.373,0.087,59.402,0.053,40.389,0.026,55.563,0.01,26.796,Deep
"Gan",73.1521372,-0.6876387,GESLA,0.3,252.272,0.181,286.166,0.048,248.344,0.051,282.513,0.09,358.969,0.053,14.466,0.026,0.038,0.013,15.856,Deep
"Gibara",-76.1167,21.1167,GESLA,0.274,10.103,0.045,35.522,0.068,351.573,0.011,34.845,0.084,204.664,0.058,208.827,0.023,206.252,0.012,202.602,Deep
"Gobo",135.1671933,33.8424174,GESLA,0.481,263.354,0.219,287.806,0.087,258.952,0.059,281.721,0.219,53.512,0.172,33.201,0.072,51.452,0.035,21.225,Deep
"Gomera",-17,28,GESLA,0.581,23.619,0.233,45.769,0.12,11.356,0.065,41.468,0.056,33.192,0.044,290.434,0.017,24.024,0.014,240.313,Deep
"Guadalupe",-118.3,28.8833,GESLA,0.415,125.346,0.197,122.401,0.103,106.289,0.059,118.013,0.294,203.383,0.183,188.901,0.094,200.438,0.034,182.272,Deep
"Guam",144.6557453,13.443829,GESLA,0.22,291.361,0.056,311.247,0.048,277,0.015,306.726,0.164,67.683,0.113,44.777,0.055,65.721,0.024,34.685,Deep
"Hamada",132.0634188,34.8979234,GESLA,0.08,89.02,0.039,99.509,0.019,93.31,0.011,91.965,0.072,220.778,0.088,193.814,0.025,216.851,0.021,173.2,Deep
"Harvest oil p.,ca",-120.6733,34.4683,GESLA,0.476,163.143,0.155,156.964,0.111,139.026,0.045,148.671,0.348,214.188,0.221,199.085,0.111,210.505,0.04,190.844,Deep
"Hilo, hawaii",-155.0667,19.7333,GESLA,0.219,29.063,0.09,34.165,0.043,20.556,0.026,26.731,0.163,233.39,0.089,223.217,0.05,231.456,0.015,215.317,Deep
"Honiara-b",159.9586693,-9.4250657,GESLA,0.052,165.499,0.073,203.37,0.012,257.224,0.02,194.857,0.224,45.418,0.109,22.184,0.067,41.89,0.019,4.622,Deep
"Hornbaek",12.4667,56.1,GESLA,0.076,244.874,0.018,190.554,0.019,196.543,0.005,170.111,0.006,306.187,0.026,327.724,0.004,235.734,0.008,266.07,Deep
"Horta,azores",-28.6217,38.5333,GESLA,0.413,59.589,0.153,78.592,0.09,44.693,0.042,74.922,0.042,83.948,0.02,326.562,0.013,74.455,0.008,247.786,Deep
"Ibiza",1.4497,38.9111,GESLA,0.017,215.22,0.006,232.416,0.004,202.41,0.002,230.866,0.038,167.573,0.023,107.561,0.013,158.219,0.003,59.232,Deep
"Ile royale",-52.585,5.285,GESLA,0.813,225.709,0.264,251.204,0.175,208.388,0.072,248.368,0.098,252.313,0.085,236.057,0.029,253.521,0.017,218.589,Deep
"Ilfracombe",-4.11094,51.21097,GESLA,3.033,162.015,1.1,209.148,0.573,143.928,0.317,206.347,0.065,125.034,0.067,349.41,0.023,119.498,0.021,298.429,Deep
"Imbituba",-48.4,-28.1333,GESLA,0.136,161.129,0.105,163.323,0.031,250.618,0.035,149.977,0.061,183.864,0.106,121.435,0.021,168.98,0.03,94.052,Deep
"Jarvis",-160.0333,-0.3833,GESLA,0.247,95.619,0.096,99.122,0.044,89.302,0,0,0.054,211.036,0.026,181.878,0.002,88.057,0.003,141.143,Deep
"Johnston",-169.53,16.7383,GESLA,0.26,100.504,0.101,122.372,0.05,98.492,0.026,115.889,0.079,214.883,0.035,224.479,0.024,211.681,0.005,235.793,Deep
"Jolo",120.9995065,6.0586984,GESLA,0.17,0.487,0.101,34.567,0.028,345.963,0.031,35.539,0.251,194.378,0.246,163.12,0.08,194.555,0.05,148.304,Deep
"Kagoshima",130.5708574,31.583204,GESLA,0.771,303.571,0.338,329.301,0.145,297.857,0.094,323.707,0.252,70.511,0.198,50.327,0.082,68.173,0.041,37.883,Deep
"Kalix",23.0961,65.6969,GESLA,0.002,131.431,0.001,152.869,0.001,110.916,0,129.556,0.011,288.09,0.007,270.609,0.003,309.48,0.001,251.752,Deep
"Kaohsiung",120.2554054,22.6182287,GESLA,0.181,350.497,0.069,352.199,0.041,339.309,0.018,354.901,0.174,166.346,0.16,129.563,0.057,161.182,0.032,108.69,Deep
"Kawaihae",-155.8333,20.0333,GESLA,0.197,58.197,0.064,63.506,0.037,48.258,0.018,52.683,0.158,226.512,0.088,213.99,0.049,224.016,0.013,206.429,Deep
"Keelung",121.7522526,25.1587781,GESLA,0.228,47.31,0.056,40.424,0.058,20.789,0.014,32.327,0.188,107.06,0.156,82.752,0.062,104.414,0.032,67.407,Deep
"Keling",102.1529352,2.2116337,GESLA,0.612,356.041,0.298,35.625,0.11,346.891,0.083,30.612,0.092,32.301,0.215,33.776,0.03,7.692,0.028,9.259,Deep
"Kerguelen",70.1427657,-49.411557,GESLA,0.521,190.234,0.219,230.372,0.114,172.397,0.06,227.434,0.079,151.449,0.019,117.161,0.024,145.559,0.001,132.805,Deep
"Knysna",23.0605672,-34.0817563,GESLA,0.555,55.483,0.276,82.508,0.111,53.313,0.078,79.147,0.065,146.62,0.019,270.906,0.018,143.097,0.01,258.25,Deep
"Kungsholmsfort",15.5894,56.1053,GESLA,0.008,43.931,0.002,66.86,0.001,289.012,0.001,33.157,0.011,115.751,0.011,111.443,0.003,121.958,0.002,106.395,Deep
"Kwajalein",167.7333644,8.7317517,GESLA,0.47,127.415,0.264,148.605,0.089,126.772,0.074,143.716,0.101,67.184,0.065,38.815,0.032,65.78,0.013,26.359,Deep
"L. cornwallis i.",-96.95,75.3833,GESLA,0.391,191.585,0.154,242.432,0.077,162.04,0.044,239.26,0.144,354.349,0.082,288.819,0.046,348.903,0.01,240.766,Deep
"La guaira",-66.9333,10.6167,GESLA,0.046,157.362,0.006,145.427,0.015,139.088,0.001,107.549,0.099,239.236,0.068,233.008,0.03,240.948,0.012,221.414,Deep
"La jolla (scripps pier)",-117.258,32.8667,GESLA,0.499,141.823,0.202,138.584,0.118,121.149,0.058,131.698,0.332,207.217,0.213,191.468,0.106,204.706,0.039,183.293,Deep
"Lae",146.9904239,-6.7446899,GESLA,0.058,157.651,0.108,185.437,0.022,248.625,0.03,177.611,0.248,53.778,0.133,31.614,0.075,50.285,0.023,14.694,Deep
"Landsort1",17.8653,58.7422,GESLA,0.005,143.823,0.002,140.508,0.002,128.674,0.001,130.82,0.006,93.407,0.004,92.621,0.002,88.403,0.001,89.241,Deep
"Las_palmas",-15.412,28.141,GESLA,0.758,28.773,0.29,53.022,0.157,15.228,0.082,49.885,0.062,40.494,0.049,293.882,0.018,32.162,0.016,242.742,Deep
"Lautoka",177.4371731,-17.6054763,GESLA,0.629,191.628,0.148,192.44,0.147,172.218,0.042,185.368,0.111,48.84,0.061,35.989,0.033,44.682,0.01,21.43,Deep
"Legaspi",123.7604499,13.1466359,GESLA,0.527,284.836,0.221,312.993,0.097,272.835,0.063,311.085,0.16,78.881,0.11,70.305,0.052,79.107,0.025,62.139,Deep
"Limetree bay",-64.7457978,17.6914513,GESLA,0.014,325.587,0.007,12.398,0.001,224.304,0.002,21.202,0.083,236.666,0.063,229.025,0.026,237.472,0.011,214.423,Deep
"Limon-a",-83.0193525,9.9903216,GESLA,0.085,177.632,0.016,328.518,0.025,128.885,0.004,319.55,0.101,238.927,0.062,238.29,0.03,238.146,0.01,230.085,Deep
"Lobito",13.5583,-12.3333,GESLA,0.453,73.169,0.145,97.819,0.094,64.153,0.04,93.567,0.065,10.704,0.012,213.903,0.019,4.651,0.007,160.977,Deep
"Lobos de afuera",-80.7167,-6.9333,GESLA,0.412,265.556,0.142,299.582,0.098,241.04,0.04,298.225,0.127,30.786,0.05,351.388,0.038,28.759,0.006,313.674,Deep
"Lord howe-b",159.0668019,-31.5167137,GESLA,0.6,302.101,0.176,319.65,0.124,293.739,0.051,310.973,0.137,352.89,0.077,318.302,0.041,347.069,0.017,292.641,Deep
"Los angeles",-118.272,33.72,GESLA,0.516,145.584,0.203,141.337,0.122,124.466,0.059,134.811,0.341,207.66,0.218,192.479,0.108,203.818,0.039,184.315,Deep
"Luanda",13.2367,-8.7867,GESLA,0.483,78.704,0.158,105.603,0.098,69.981,0.044,99.319,0.079,4.706,0.01,248.485,0.022,358.24,0.005,151.116,Deep
"Macae",-41.4667,-22.2333,GESLA,0.379,167.362,0.193,178.823,0.049,187.66,0.059,169.859,0.061,194.925,0.105,134.889,0.021,187.041,0.027,108.527,Deep
"Madang",145.8001287,-5.2109517,GESLA,0.095,279.704,0.06,176.523,0.042,253.679,0.016,166.853,0.243,59.217,0.144,45.95,0.076,57.836,0.027,35.022,Deep
"Madeira",-44.3783,-2.565,GESLA,2.103,287.562,0.573,325.474,0.385,273.356,0.16,321.978,0.1,286.905,0.092,255.393,0.032,285.35,0.017,231.184,Deep
"Majuro-b",171.3708792,7.1065913,GESLA,0.522,130.43,0.279,150.308,0.104,130.02,0.078,145.807,0.086,71.546,0.053,39.688,0.027,69.171,0.011,23.459,Deep
"Malaga",-4.4167,36.7167,GESLA,0.191,49.544,0.073,74.436,0.038,33.447,0.02,71.072,0.032,151.045,0.019,124.549,0.011,147.227,0.002,139.946,Deep
"Malakal-b",134.4579785,7.3297872,GESLA,0.524,301.043,0.208,331.899,0.101,286.141,0.059,324.246,0.198,85.129,0.147,67.962,0.064,85.902,0.026,57.936,Deep
"Male-b,hulule",73.5167249,4.1784865,GESLA,0.236,226.262,0.138,270.382,0.035,208.344,0.036,267.503,0.116,344.888,0.063,359.645,0.037,341.713,0.016,8.039,Deep
"Manta-b",-80.7217,-0.9317,GESLA,0.904,247.748,0.255,297.79,0.193,217.635,0.066,292.853,0.106,45.594,0.023,21.425,0.033,45.435,0.001,139.306,Deep
"Manzanillo-b",-104.3333,19.05,GESLA,0.152,105.789,0.168,89.826,0.05,105.107,0.049,89.448,0.163,165.784,0.121,158.664,0.051,161.728,0.024,153.666,Deep
"Marseille",5.35,43.3,GESLA,0.067,221.507,0.025,240.248,0.014,210.611,0.007,235.638,0.034,178.576,0.019,105.88,0.012,166.707,0.003,45.888,Deep
"Massacre bay,ak",173.2,52.8333,GESLA,0.214,97.562,0.031,194.458,0.056,42.813,0.007,189.06,0.33,335.457,0.228,320.518,0.106,332.494,0.043,313.11,Deep
"Matarani-b",-72.1167,-17,GESLA,0.311,21.757,0.087,45.237,0.07,341.087,0.029,35.395,0.157,32.367,0.085,351.025,0.047,28.595,0.014,322.927,Deep
"Mawson",62.8833,-67.6,GESLA,0.032,233.499,0.112,9.254,0.022,176.915,0.033,11.293,0.233,292.149,0.252,284.92,0.077,291.966,0.059,276.396,Deep
"Melilla",-2.918,35.291,GESLA,0.127,66.184,0.048,87.642,0.026,52.585,0.013,84.159,0.034,146.312,0.02,118.088,0.012,146.491,0.001,96.536,Deep
"Meneng",114.38742,-8.1999634,GESLA,0.458,77.972,0.226,111.686,0.088,56.021,0.066,107.863,0.311,176.889,0.195,158.246,0.094,178.688,0.042,153.545,Deep
"Minamidaito",131.2267769,25.8705229,GESLA,0.522,285.757,0.221,311.149,0.101,277.163,0.06,305.74,0.19,69.657,0.148,51.9,0.061,68.051,0.031,39.766,Deep
"Minamitorishima",153.9769109,24.2825152,GESLA,0.079,144.912,0.048,189.362,0.009,106.773,0.014,188.535,0.1,43.509,0.078,20.588,0.032,43.961,0.017,7.14,Deep
"Miyakeshima",139.5463308,34.0560734,GESLA,0.362,232.71,0.168,260.228,0.056,229.845,0.05,256.263,0.228,36.192,0.179,18.067,0.075,34.364,0.037,8.962,Deep
"Monaco_fontvieille",7.4215,43.7288,GESLA,0.078,220.222,0.031,238.13,0.016,209.596,0.009,236.186,0.036,182.623,0.017,104.76,0.012,174.807,0.003,33.034,Deep
"Murotomisaki",134.1622797,33.2631117,GESLA,0.493,264.947,0.218,289.121,0.09,259.688,0.061,283.946,0.22,54.301,0.17,34.297,0.073,52.001,0.035,22.948,Deep
"Nacala-b",40.674362,-14.4581367,GESLA,1.046,28.227,0.588,55.661,0.187,18.464,0,0,0.109,340.999,0.087,7.631,0.002,92.038,0.019,359.265,Deep
"Nakano shima",129.8491485,29.8376889,GESLA,0.587,296.232,0.253,321.409,0.111,289.841,0.071,316.449,0.233,68.521,0.181,48.737,0.077,66.675,0.038,36.5,Deep
"Nassau",-77.35,25.0833,GESLA,0.387,6.074,0.063,29.036,0.094,344.812,0.015,28.096,0.087,199.366,0.066,200.282,0.027,197.558,0.013,182.394,Deep
"Nice",7.2853,43.6955,GESLA,0.077,221.301,0.029,240.088,0.016,210.794,0.008,236.227,0.035,182.734,0.017,105.533,0.012,174.478,0.003,31.828,Deep
"Nishinoomote",130.9883857,30.7354856,GESLA,0.588,292.76,0.257,317.85,0.111,286.915,0.071,312.94,0.23,68.02,0.18,48.494,0.076,65.856,0.038,36.309,Deep
"Norfolk island-b",167.9333,-29.0667,GESLA,0.524,266.212,0.156,307.24,0.086,248.284,0.044,301.701,0.099,12.82,0.041,336.725,0.03,5.504,0.008,295.456,Deep
"Noto",137.1552705,37.5009086,GESLA,0.058,166.074,0.021,192.597,0.015,152.965,0.006,182.728,0.054,209.022,0.055,182.38,0.018,208.204,0.012,164.609,Deep
"Nuku hiva",-140.0817,-8.93,GESLA,0.487,30.946,0.082,27.602,0.106,5.351,0.023,12.945,0.052,227.686,0.03,188.041,0.016,230.202,0.005,151.216,Deep
"Nuku'alofa",-175.1667,-21.1333,GESLA,0.514,197.786,0.058,226.686,0.125,171.105,0.015,214.185,0.066,50.864,0.036,37.773,0.02,46.266,0.006,21.481,Deep
"Olandsnorraudde",17.0972,57.3661,GESLA,0.003,110.062,0.002,99.033,0.002,120.879,0.001,112.898,0.008,79.582,0.005,78.967,0.002,77.022,0.001,74.493,Deep
"Pago bay, guam",144.799527,13.4267686,GESLA,0.131,277.426,0.025,270.432,0.03,257.273,0.006,272.164,0.143,62.762,0.103,42.35,0.045,64.747,0.018,32.751,Deep
"Palinuro",15.2751,40.0315,GESLA,0.096,239.22,0.037,258.143,0.02,225.033,0.011,248.275,0.025,200.432,0.007,115.827,0.008,199.979,0.002,17.875,Deep
"Palmeira",-22.9833,16.755,GESLA,0.3,277.293,0.119,318.478,0.06,251.18,0.034,315.378,0.05,350.369,0.041,260.004,0.016,341.258,0.012,212.139,Deep
"Palmyra island",-162.0883,5.8833,GESLA,0.298,97.549,0.11,118.593,0.054,97.455,0.029,108.514,0.08,204.663,0.037,188.352,0.025,199.555,0.005,164.67,Deep
"Papeete-b",-149.5667,-17.525,GESLA,0.064,307.303,0.071,319.638,0.008,267.97,0.021,317.457,0.006,291.217,0.015,87.827,0.002,301.211,0.004,76.541,Deep
"Pari",106.620777,-5.8620176,GESLA,0.019,85.945,0.034,41.145,0.009,54.883,0.026,18.025,0.216,18.673,0.123,5.752,0.117,16.496,0.032,1.69,Deep
"Pemba-c",40.4877299,-12.9691259,GESLA,1.136,30.274,0.588,71.02,0.199,9.014,0.165,68.813,0.126,0.165,0.087,4.804,0.038,359.361,0.018,353.201,Deep
"Penang",100.3497041,5.4169577,GESLA,0.616,152.772,0.365,186.715,0.117,150.47,0.1,181.798,0.197,236.952,0.051,178.271,0.064,240.017,0.011,132.313,Deep
"Penrhyn",-158.0533,-8.9767,GESLA,0.094,150.757,0.022,126.722,0.022,172.485,0.007,109.529,0.027,220.305,0.013,177.106,0.009,224.051,0.002,129.873,Deep
"Penuelas, pr",-66.7613567,17.972598,GESLA,0.007,43.246,0.01,12.071,0.005,88.548,0.002,26.761,0.081,234.843,0.052,231.465,0.025,237.887,0.01,223.476,Deep
"Peter & paul rocks",-29.3433,0.92,GESLA,0.724,213.14,0.232,238.288,0.155,196.536,0.067,231.894,0.054,299.967,0.043,220.481,0.018,294.207,0.009,178.484,Deep
"Pohnpei-b",158.1984427,6.9829089,GESLA,0.275,124.581,0.194,146.562,0.049,132.005,0.056,142.681,0.16,62.213,0.098,41.262,0.049,60.545,0.018,29.276,Deep
"Port angeles, wa",-123.44,48.125,GESLA,0.518,307.044,0.146,326.539,0.118,279.887,0.029,332.723,0.668,261.59,0.392,241.443,0.209,259.319,0.067,232.335,Deep
"Port kembla",150.9115068,-34.4703811,GESLA,0.49,307.283,0.119,320.086,0.109,298.159,0.035,308.79,0.165,328.309,0.105,294.66,0.051,322.889,0.024,271.961,Deep
"Port nolloth",16.8669763,-29.2499953,GESLA,0.555,30.829,0.236,48.733,0.123,20.352,0.066,45.655,0.055,90.421,0.019,222.073,0.014,89.366,0.01,202.694,Deep
"Port sonara",9.1267,-4.0067,GESLA,0.592,100.28,0.209,130.624,0.127,94.146,0.056,124.761,0.132,354.437,0.027,324.604,0.037,349.826,0.003,86.886,Deep
"Port stanley-a",-57.8667,-52.7,GESLA,0.451,272.039,0.163,303.742,0.113,238.989,0.048,303.73,0.128,99.737,0.149,57.649,0.041,93.794,0.036,32.344,Deep
"Port stanvac",138.4667751,-35.1069747,GESLA,0.434,188.078,0.428,246.767,0.026,286.801,0.123,245.085,0.244,264.568,0.167,247.824,0.071,260.445,0.038,235.455,Deep
"Port-aux-basques,nf",-59.1333,47.5667,GESLA,0.436,170.68,0.127,200.442,0.091,152.995,0.035,197.551,0.079,145.829,0.09,134.183,0.028,142.493,0.017,108.688,Deep
"Port-bloc",-1.0616,45.5685,GESLA,1.513,110.443,0.498,144.925,0.301,92.281,0.142,142.084,0.058,79.571,0.07,331.657,0.021,73.317,0.021,287.813,Deep
"Port-tudy",-3.4459,47.6443,GESLA,1.493,98.92,0.54,131.731,0.31,79.064,0.152,129.135,0.06,76.556,0.063,327.934,0.02,65.073,0.02,280.824,Deep
"Port_ferreol",6.7176,43.3591,GESLA,0.075,219.796,0.028,237.568,0.015,207.342,0.008,233.072,0.035,179.154,0.018,102.895,0.012,170.438,0.003,32.59,Deep
"Portland,s.aus.",141.6216722,-38.3438697,GESLA,0.129,44.868,0.14,111.702,0.009,276.776,0.039,111.296,0.18,253.935,0.131,237.022,0.056,249.431,0.031,224.607,Deep
"Porto_torres",8.4039,40.8422,GESLA,0.053,247.573,0.021,269.202,0.011,237.312,0.006,262.054,0.028,198.772,0.013,119.928,0.009,189.045,0.002,51.103,Deep
"Portrush",-6.65683,55.20678,GESLA,0.536,197.617,0.234,211.489,0.119,173.29,0.065,208.812,0.093,174.498,0.085,28.146,0.03,169.39,0.032,326.128,Deep
"Pt. la rue",55.5280425,-4.6719994,GESLA,0.398,14.027,0.178,52.667,0.083,350.147,0.048,49.453,0.182,0.19,0.104,5.317,0.055,359.293,0.023,0.591,Deep
"Puerto castilla",-86.0333,16.0167,GESLA,0.076,87.051,0.027,39.54,0.026,72.182,0.007,30.148,0.027,275.746,0.025,331.831,0.008,285.468,0.007,336.269,Deep
"Puerto madero",-92.4333,14.7167,GESLA,0.607,241.804,0.108,323.82,0.131,201.614,0.024,316.067,0.099,106.45,0.064,128.612,0.029,104.802,0.015,139.519,Deep
"Puerto moreles",-86.86567,20.8681396,GESLA,0.071,73.223,0.026,39.013,0.023,62.452,0.007,28.316,0.007,271.349,0.026,13.298,0.001,305.832,0.007,1.411,Deep
"Puerto princesa",118.7315405,9.7285978,GESLA,0.296,71.444,0.162,103.067,0.047,55.532,0.05,108.701,0.342,200.097,0.302,163.177,0.116,199.423,0.059,148.457,Deep
"Punta cana",-68.3753916,18.5029296,GESLA,0.061,78.753,0.01,40.19,0.019,64.339,0.004,36.971,0.099,229.822,0.074,228.58,0.031,230.749,0.013,223.473,Deep
"Reunion",55.2874462,-20.9222933,GESLA,0.174,282.653,0.092,295.952,0.045,281.676,0.025,289.874,0.053,82.645,0.033,48.248,0.017,77.766,0.007,11.623,Deep
"Rikitea",-134.9533,-23.125,GESLA,0.265,349.479,0.091,308.086,0.068,332.672,0.027,300.654,0.024,5.766,0.018,45.848,0.009,0.624,0.004,56.572,Deep
"Rodrigues",63.4181417,-19.6680045,GESLA,0.4,255.979,0.25,283.003,0.075,257.978,0.072,278.842,0.055,95.486,0.037,73.631,0.017,93.425,0.006,40.646,Deep
"Rothera",-68.1333,-67.5667,GESLA,0.123,259.189,0.187,63.337,0.061,145.871,0.055,67.61,0.301,88.086,0.246,73.274,0.097,85.734,0.051,66.004,Deep
"Sagunto",-0.206,39.634,GESLA,0.018,196.412,0.004,203.684,0.005,187.545,0.002,210.889,0.037,161.366,0.025,106.877,0.012,156.205,0.003,69.681,Deep
"Saint paul",77.537785,-38.7129976,GESLA,0.398,228.955,0.214,272.615,0.072,211.878,0.061,269.934,0.069,151.168,0.033,173.576,0.02,150.847,0.008,187.259,Deep
"Saint-jean-de-luz_so",-1.6816,43.3952,GESLA,1.328,93.483,0.462,125.821,0.279,73.536,0.13,123.057,0.061,68.809,0.071,321.345,0.02,56.161,0.022,275.264,Deep
"Saipan-b",145.7370008,15.2271762,GESLA,0.194,297.249,0.049,309.669,0.044,279.056,0.012,306.606,0.163,66.235,0.115,46.949,0.053,63.925,0.023,33.887,Deep
"Salalah",54.0194836,16.9377339,GESLA,0.315,144.844,0.124,168.212,0.084,133.111,0.034,162.138,0.364,344.566,0.187,347.352,0.111,342.448,0.04,348.883,Deep
"Salina cruz",-95.2033,16.16,GESLA,0.485,243.066,0.08,341.713,0.107,203.1,0.017,340.926,0.103,118.947,0.07,134.904,0.033,117.794,0.016,139.237,Deep
"San andres",-81.6950486,12.5863523,GESLA,0.07,161.863,0.014,342.712,0.023,124.014,0.004,316.833,0.092,224.965,0.051,257.088,0.028,228.814,0.008,263.183,Deep
"San felipe",-114.8183,31.0183,GESLA,1.606,296.762,0.936,305.872,0.433,281.52,0.26,303.577,0.406,202.188,0.258,188.818,0.125,198.858,0.047,178.649,Deep
"San felix",-80.1083,-26.2917,GESLA,0.263,45.241,0.07,77.837,0.059,4.857,0.022,65.14,0.143,34.113,0.088,354.729,0.044,30.609,0.016,332.247,Deep
"San francisco",-122.465,37.8067,GESLA,0.577,208.447,0.136,215.906,0.123,183.219,0.041,206.659,0.37,225.31,0.231,208.675,0.116,223.122,0.04,201.532,Deep
"San juan,pr",-66.1164117,18.4588194,GESLA,0.154,19.958,0.02,48.922,0.037,358.617,0.006,44.265,0.087,228.123,0.075,227.246,0.027,229.744,0.014,213.828,Deep
"San juan-a",-75.2,-15.3667,GESLA,0.256,4.69,0.068,20.864,0.063,324.716,0.024,12.532,0.155,29.58,0.083,349.732,0.046,26.798,0.014,320.501,Deep
"San martin-c",-67.1,-68.1333,GESLA,0.117,258.917,0.187,63.871,0.071,148.887,0.054,70.697,0.3,88.071,0.242,72.496,0.095,87.834,0.054,64.145,Deep
"Santa barbara, ca",-119.685,34.4083,GESLA,0.496,156.581,0.175,150.58,0.117,133.844,0.05,143.34,0.352,212.481,0.225,197.136,0.112,209.043,0.041,188.776,Deep
"Sao tome",6.5133,0.0167,GESLA,0.507,95.006,0.162,125.486,0.106,92.566,0.048,118.637,0.113,354.793,0.019,312.849,0.033,350.405,0.005,132.442,Deep
"Abashiri",144.2874743,44.0231708,JMA,0.171,162.723,0.079,206.823,NaN,NaN,NaN,NaN,0.214,53.697,0.221,31.757,NaN,NaN,NaN,NaN,Deep
"Aburatsubo",139.6133516,35.1392108,JMA,0.36,227.247,0.171,255.127,NaN,NaN,NaN,NaN,0.232,37.513,0.182,18.783,NaN,NaN,NaN,NaN,Deep
"Aoki",133.6869057,34.3672515,JMA,1.081,58.833,0.397,92.573,NaN,NaN,NaN,NaN,0.329,102.227,0.242,78.267,NaN,NaN,NaN,NaN,Deep
"Aomori",140.7640813,40.8351716,JMA,0.181,183.097,0.083,221.247,NaN,NaN,NaN,NaN,0.055,19.403,0.037,8.353,NaN,NaN,NaN,NaN,Deep
"Awashima",139.2552357,38.4662218,JMA,0.054,171.19,0.02,203.3,NaN,NaN,NaN,NaN,0.052,209.85,0.053,184.04,NaN,NaN,NaN,NaN,Deep
"Beppu",131.5043023,33.299305,JMA,0.587,338.45,0.245,6.99,NaN,NaN,NaN,NaN,0.256,74.39,0.194,52.61,NaN,NaN,NaN,NaN,Deep
"Esashi",140.1179049,41.8679293,JMA,0.056,180.643,0.022,218.473,NaN,NaN,NaN,NaN,0.063,238.327,0.068,207.417,NaN,NaN,NaN,NaN,Deep
"Fukaura",139.9231191,40.6467114,JMA,0.051,177.523,0.021,212.433,NaN,NaN,NaN,NaN,0.053,212.707,0.053,186.867,NaN,NaN,NaN,NaN,Deep
"Fushikitoyama",137.069714,36.8006873,JMA,0.059,167.147,0.022,192.457,NaN,NaN,NaN,NaN,0.053,208.763,0.052,182.923,NaN,NaN,NaN,NaN,Deep
"Gobo",135.1671819,33.842417,JMA,0.481,263.557,0.218,287.907,NaN,NaN,NaN,NaN,0.22,53.743,0.172,33.293,NaN,NaN,NaN,NaN,Deep
"Hachijojima (Kaminato)",139.8054073,33.1341596,JMA,0.322,239.33,0.156,266.19,NaN,NaN,NaN,NaN,0.201,41.5,0.154,24.63,NaN,NaN,NaN,NaN,Deep
"Hachijojima (Yaene)",139.7698213,33.0965486,JMA,0.336,245.117,0.157,270.007,NaN,NaN,NaN,NaN,0.221,50.033,0.173,28.563,NaN,NaN,NaN,NaN,Deep
"Haedomari",130.87725,33.9434319,JMA,0.355,21.213,0.172,46.653,NaN,NaN,NaN,NaN,0.12,153.987,0.125,133.557,NaN,NaN,NaN,NaN,Deep
"Hamada",132.0634162,34.8979124,JMA,0.079,88.737,0.039,99.357,NaN,NaN,NaN,NaN,0.072,220.363,0.087,193.723,NaN,NaN,NaN,NaN,Deep
"Hitachi",140.6297818,36.4986718,JMA,0.309,201.033,0.146,233.883,NaN,NaN,NaN,NaN,0.224,29.017,0.174,11.677,NaN,NaN,NaN,NaN,Deep
"Hiwasa",134.55,33.716667,JMA,0.48,263.8,0.222,289.08,NaN,NaN,NaN,NaN,0.193,49.94,0.16,35.53,NaN,NaN,NaN,NaN,Deep
"Honmoku",139.6892726,35.4434291,JMA,0.445,233.327,0.218,262.567,NaN,NaN,NaN,NaN,0.246,39.203,0.194,20.833,NaN,NaN,NaN,NaN,Deep
"Ikuji",137.4145271,36.8894292,JMA,0.058,167.507,0.021,194.477,NaN,NaN,NaN,NaN,0.055,208.873,0.054,182.493,NaN,NaN,NaN,NaN,Deep
"Imabari",133.0056649,34.0746031,JMA,0.997,47.35,0.372,81,NaN,NaN,NaN,NaN,0.317,100.95,0.229,78.23,NaN,NaN,NaN,NaN,Deep
"Iyomishima",133.5376832,33.9955378,JMA,1.166,56.06,0.429,90.37,NaN,NaN,NaN,NaN,0.332,102.73,0.245,78.72,NaN,NaN,NaN,NaN,Deep
"Kagoshima",130.5708513,31.5832051,JMA,0.77,303.417,0.338,329.277,NaN,NaN,NaN,NaN,0.253,70.613,0.197,50.393,NaN,NaN,NaN,NaN,Deep
"Kannoura",134.3064802,33.5440627,JMA,0.479,261.88,0.213,286.87,NaN,NaN,NaN,NaN,0.211,52.51,0.164,32.71,NaN,NaN,NaN,NaN,Deep
"Kozushima",139.1307206,34.2106383,JMA,0.384,246.233,0.181,272.253,NaN,NaN,NaN,NaN,0.224,47.247,0.176,27.087,NaN,NaN,NaN,NaN,Deep
"Kure",133.25,33.333333,JMA,0.499,265.72,0.22,290.12,NaN,NaN,NaN,NaN,0.216,55.75,0.167,35.81,NaN,NaN,NaN,NaN,Deep
"Kutsugata",141.1293633,45.1935409,JMA,0.037,224.413,0.02,243.953,NaN,NaN,NaN,NaN,0.054,212.127,0.054,188.277,NaN,NaN,NaN,NaN,Deep
"Matsumae",140.0933052,41.4213253,JMA,0.081,200.71,0.035,237.49,NaN,NaN,NaN,NaN,0.055,126.79,0.053,113.5,NaN,NaN,NaN,NaN,Deep
"Minamidaito",131.2267884,25.870514,JMA,0.521,285.893,0.221,311.233,NaN,NaN,NaN,NaN,0.19,69.527,0.148,51.957,NaN,NaN,NaN,NaN,Deep
"Minamitorishima",153.9768957,24.2825164,JMA,0.079,143.533,0.048,189.723,NaN,NaN,NaN,NaN,0.098,43.267,0.077,20.797,NaN,NaN,NaN,NaN,Deep
"Miyakejima (Ako)",139.4769064,34.067538,JMA,0.345,236.973,0.166,263.853,NaN,NaN,NaN,NaN,0.221,45.117,0.173,25.897,NaN,NaN,NaN,NaN,Deep
"Miyakejima (Tsubota)",139.5463281,34.0560756,JMA,0.365,232.69,0.168,260.18,NaN,NaN,NaN,NaN,0.229,35.94,0.18,17.51,NaN,NaN,NaN,NaN,Deep
"Murotomisaki",134.1617103,33.2628634,JMA,0.494,264.847,0.218,289.377,NaN,NaN,NaN,NaN,0.221,54.423,0.17,34.383,NaN,NaN,NaN,NaN,Deep
"Nakanoshima",129.849147,29.8376928,JMA,0.587,296.27,0.255,321.55,NaN,NaN,NaN,NaN,0.233,68.72,0.18,48.84,NaN,NaN,NaN,NaN,Deep
"Nezugaseki",139.5432408,38.5620636,JMA,0.052,173.81,0.02,206.68,NaN,NaN,NaN,NaN,0.052,211.31,0.052,185.03,NaN,NaN,NaN,NaN,Deep
"Niihama",133.2701431,33.9842121,JMA,1.107,52.927,0.413,87.467,NaN,NaN,NaN,NaN,0.327,102.573,0.238,79.583,NaN,NaN,NaN,NaN,Deep
"Nishinoomote",130.9883807,30.7354678,JMA,0.589,292.73,0.258,317.97,NaN,NaN,NaN,NaN,0.23,68.26,0.18,48.58,NaN,NaN,NaN,NaN,Deep
"Noto",137.1552759,37.5009107,JMA,0.058,165.82,0.021,192.04,NaN,NaN,NaN,NaN,0.054,209.16,0.054,182.15,NaN,NaN,NaN,NaN,Deep
"Oga",139.7075558,39.9518917,JMA,0.051,182.19,0.02,217.38,NaN,NaN,NaN,NaN,0.054,213.93,0.053,189.42,NaN,NaN,NaN,NaN,Deep
"Ogi",138.2827107,37.815294,JMA,0.056,169.553,0.02,198.473,NaN,NaN,NaN,NaN,0.053,209.447,0.054,183.947,NaN,NaN,NaN,NaN,Deep
"Okushiri",139.4581849,42.0620218,JMA,0.053,186.793,0.022,220.593,NaN,NaN,NaN,NaN,0.048,200.647,0.045,179.447,NaN,NaN,NaN,NaN,Deep
"Oma",140.9,41.533333,JMA,0.202,184.85,0.094,222.51,NaN,NaN,NaN,NaN,0.097,16.18,0.072,0.7,NaN,NaN,NaN,NaN,Deep
"Rausu",145.1984336,44.0167982,JMA,0.173,163.88,0.077,207.98,NaN,NaN,NaN,NaN,0.198,52.21,0.2,31.57,NaN,NaN,NaN,NaN,Deep
"Setana",139.8456011,42.4526123,JMA,0.049,189.69,0.022,223.79,NaN,NaN,NaN,NaN,0.059,200.92,0.057,171.37,NaN,NaN,NaN,NaN,Deep
"Shinminato",137.1147787,36.7820613,JMA,0.058,166.647,0.021,193.787,NaN,NaN,NaN,NaN,0.052,209.743,0.052,182.903,NaN,NaN,NaN,NaN,Deep
"Shiraoi",141.3192419,42.5166828,JMA,0.312,182.437,0.145,221.067,NaN,NaN,NaN,NaN,0.233,24.663,0.188,8.133,NaN,NaN,NaN,NaN,Deep
"Shonanko",139.4788377,35.3044568,JMA,0.36,230.263,0.17,257.653,NaN,NaN,NaN,NaN,0.232,39.337,0.183,19.087,NaN,NaN,NaN,NaN,Deep
"Tappi",140.3794478,41.2433046,JMA,0.128,195.413,0.061,231.203,NaN,NaN,NaN,NaN,0.06,50.627,0.049,39.287,NaN,NaN,NaN,NaN,Deep
"Tobishima",139.5505445,39.1840336,JMA,0.053,174.76,0.02,207.68,NaN,NaN,NaN,NaN,0.053,210.43,0.054,185.39,NaN,NaN,NaN,NaN,Deep
"Tomakomainishi",141.6181047,42.6281785,JMA,0.313,182.437,0.146,221.187,NaN,NaN,NaN,NaN,0.233,24.833,0.186,7.813,NaN,NaN,NaN,NaN,Deep
"Urakawa",142.7554232,42.1655219,JMA,0.305,182.287,0.142,221.367,NaN,NaN,NaN,NaN,0.234,25.683,0.196,7.623,NaN,NaN,NaN,NaN,Deep
"Wakayama",135.1404299,34.2198963,JMA,0.437,277.44,0.212,298.89,NaN,NaN,NaN,NaN,0.241,57.08,0.184,36.07,NaN,NaN,NaN,NaN,Deep
"Yaizu",138.3335959,34.8677982,JMA,0.409,248.033,0.189,273.763,NaN,NaN,NaN,NaN,0.229,44.597,0.174,23.097,NaN,NaN,NaN,NaN,Deep
"Yonaguni",122.9403118,24.4503418,JMA,0.444,306.6,0.19,329.15,NaN,NaN,NaN,NaN,0.201,96.95,0.167,73.92,NaN,NaN,NaN,NaN,Deep
"Yoshima",133.8208781,34.3828106,JMA,0.903,57.647,0.314,88.587,NaN,NaN,NaN,NaN,0.323,99.583,0.24,75.573,NaN,NaN,NaN,NaN,Deep
"Yoshioka",140.2611209,41.4762103,JMA,0.147,208.013,0.067,244.133,NaN,NaN,NaN,NaN,0.108,69.977,0.094,55.637,NaN,NaN,NaN,NaN,Deep
"Anheung",126.1316457,36.6751528,KHAO,2.101,201.267,0.824,245.19,0.387,184.506,0.231,240.442,0.355,154.641,0.27,125.914,0.106,148.569,0.053,105.726,Deep
"Busan newport",128.786944,35.074444,KHAO,0.547,342.478,0.259,9.646,0.106,337.924,0.071,1.944,0.077,26.752,0.043,4.529,0.025,24.191,0.008,347.979,Deep
"Chuja Islands",126.2999582,33.9612984,KHAO,0.865,64.946,0.338,87.427,0.191,52.58,0.09,82.044,0.264,86.132,0.199,64.302,0.085,81.615,0.041,48.069,Deep
"Eocheongdo",125.985744,36.1167152,KHAO,1.82,186.14,0.703,229.412,0.342,169.189,0.192,225.5,0.326,148.321,0.253,119.954,0.1,142.269,0.05,99.628,Deep
"Gadeokdo",128.8110723,35.0243182,KHAO,0.536,342.615,0.252,9.783,0.105,337.326,0.072,1.86,0.078,27.176,0.043,4.484,0.026,27.144,0.007,354.566,Deep
"Geomun-do",127.3087721,34.0289592,KHAO,0.86,17.208,0.385,41.017,0.181,10.277,0.105,34.252,0.23,66.824,0.168,44.385,0.075,62.046,0.033,29.06,Deep
"Hupo",129.4541608,36.6776478,KHAO,0.04,197.426,0.011,218.038,0.01,174.602,0.003,211.199,0.041,227.283,0.042,193.514,0.012,222.556,0.009,174.084,Deep
"Jeju",126.5418338,33.5297744,KHAO,0.677,54.172,0.277,73.648,0.154,43.761,0.074,67.694,0.228,84.891,0.17,64.066,0.074,80.427,0.035,48.86,Deep
"Moseulpo",126.2506366,33.2134089,KHAO,0.719,42.637,0.302,64.992,0.157,33.96,0.08,59.087,0.241,82.968,0.183,62.398,0.078,79.281,0.038,47.756,Deep
"Pohang",129.3861111,36.04416667,KHAO,0.033,214.879,0.007,255.628,0.008,183.147,0.003,253.822,0.04,232.093,0.042,197.027,0.011,226.591,0.009,175.723,Deep
"Seogwipo",126.561114,33.2391255,KHAO,0.737,22.172,0.329,45.889,0.158,15.276,0.089,39.017,0.241,75.271,0.18,53.653,0.078,70.585,0.037,39.12,Deep
"Taean",126.2337754,36.9122338,KHAO,2.325,213.976,0.921,259.534,0.426,198.641,0.254,255.205,0.372,160.427,0.28,131.311,0.111,154.39,0.055,109.332,Deep
"Yeosu",127.764999,34.7471904,KHAO,0.94,358.969,0.434,25.235,0.19,352.812,0.12,17.533,0.188,47.901,0.129,23.895,0.06,44.062,0.025,8.834,Deep
"'APIA, W. SAMOA,'",-171.767,-13.8083,NOAA,0.377,171,0.088,157,0.097,158.8,0.024,140.5,0.047,68.3,0.031,58.1,0.013,57.7,0.006,53,Deep
"'ATTU, MASSACRE BAY, AK'",-173.195,52.84,NOAA,0.226,178.3,0.034,252.4,0.06,134.4,0.01,235.7,0.341,3.9,0.237,12.8,0.116,5.7,0.051,299.8,Deep
"'Apra Harbor, Guam, United States of America'",144.6557315,13.4438226,NOAA,0.232,290.9,0.059,311.1,0.048,276.3,0.016,308.5,0.173,65.1,0.122,44.2,0.056,64.2,0.025,34.2,Deep
"'Arecibo, PR'",-66.7021448,18.4799644,NOAA,0.174,3.3,0.027,39.2,0.039,337.5,0.008,42,0.098,209.3,0.078,211.2,0.029,208.8,0.01,224.4,Deep
"'BUSHY ISLAND, SNOW PASSAGE, AK'",-132.985,56.2767,NOAA,1.781,270.7,0.601,301.4,0.353,244,0.164,303.9,0.519,262.3,0.303,246.4,0.172,261.1,0.06,237.6,Deep
"'Bar Harbor, ME'",-68.2043054,44.3922498,NOAA,1.572,91.9,0.238,128.1,0.346,61.4,0.064,128.7,0.141,193.8,0.11,174.4,0.048,190.6,0.02,155.2,Deep
"'Barrow Offshore, AK'",-156.7299,71.3601,NOAA,0.054,270,0.024,320,0.007,248.3,0.006,306,0.021,150.3,0.018,153.2,0.008,147,0.011,173.6,Deep
"61930 Wedge I.",136.567,-35.167,Truth_Shelf,0.163,108.55,0.169,149.3,0.013,188.52,0.048,148.12,0.207,251.31,0.151,233.84,0.063,243.89,0.033,216.81,Shelf
"'Guguak, AK'",-148.038,60.1,NOAA,1.324,288,0.474,319.6,0.287,262.2,0.129,322.2,0.487,272.5,0.292,256.6,0.161,271.3,0.059,247.8,Deep
"'Leinster Point, Leinster Bay, St. John's, VI'",-64.7206839,18.3681091,NOAA,0.1,15.3,0.017,42.5,0.022,356.3,0.005,44.6,0.078,217.1,0.057,215.2,0.026,216.9,0.01,209.3,Deep
"'SAND KEY LIGHTHOUSE, FL'",-81.8783,24.4533,NOAA,0.173,48.7,0.051,69.3,0.036,26.6,0.014,71,0.086,348,0.085,349.1,0.028,348.1,0.025,351.6,Deep
"'Wrangell, AK'",-132.387,56.47,NOAA,1.965,273.4,0.649,304.2,0.409,245.3,0.177,306.7,0.526,264.1,0.313,246.3,0.174,262.8,0.055,241,Deep
"DART_23401 (2006",88.54,8.905,Truth_Pelagic,0.263,63.4,0.114,89.37,0.056,57.71,0.031,88.31,0.078,227.58,0.028,200.35,0.024,228.85,0.003,131.4,Deep
"DART_41421   (2006",-63.901,23.399,Truth_Pelagic,0.204,358.6,0.039,21.52,0.045,334.86,0.01,24.46,0.069,209.31,0.058,209.65,0.022,209.78,0.013,196.56,Deep
"DART_41424   (2006",-72.47,32.928,Truth_Pelagic,0.408,355.5,0.075,19.34,0.096,333.84,0.02,18.65,0.085,184.51,0.065,190.13,0.026,183.96,0.013,183.74,Deep
"DART_42407   (2006",-68.2460707,15.2983166,Truth_Pelagic,0.025,134.12,0.008,34.12,0.01,114.6,0.002,43.97,0.088,235.84,0.061,230.7,0.027,236.03,0.011,217.44,Deep
"DART_43412   (2007",-107.001,16.034,Truth_Pelagic,0.203,106.98,0.171,97.21,0.057,104.46,0.05,95.68,0.143,178.41,0.111,169.32,0.046,173.91,0.023,164.32,Deep
"RAPID_EB3#1   (2004",-16.231,26.996,Truth_Pelagic,0.642,18.46,0.255,41.23,0.132,4.71,0.074,37.41,0.061,34.83,0.046,288.93,0.019,23.85,0.017,231.13,Deep
"RAPID_EBH2#1   (200",-14.685,27.488,Truth_Pelagic,0.724,24.5,0.278,47.44,0.15,9.95,0.08,43.47,0.064,36.81,0.049,291.73,0.02,26.74,0.018,232.64,Deep
"Adriatic VR4 BPR  B",13.028,45.188,Truth_Shelf,0.212,253.4,0.129,259.3,0.037,253.3,0.036,259.9,0.163,60.9,0.05,43.9,0.052,57.8,NaN,NaN,Shelf
"Adriatic VR6 BPR  B",13.536,45.058,Truth_Shelf,0.187,243.3,0.113,249.2,0.033,243.6,0.031,249.8,0.158,56.5,0.049,39.8,0.05,53.5,NaN,NaN,Shelf
"Ashmore, Timor Sea",123,-12.22,Truth_Shelf,0.932,66.01,0.522,118.54,0.163,42.43,0.144,117.83,0.26,177.42,0.161,166.3,0.079,174.16,0.036,160.13,Shelf
"Atl.Bight LT4 6",-72.317,40.567,Truth_Shelf,0.482,347,0.115,12,0.119,330,NaN,NaN,0.08,166,0.056,180,NaN,NaN,NaN,NaN,Shelf
"Atl.Bight LT5    18",-72,40.2,Truth_Shelf,0.468,349,0.105,15,0.112,331,NaN,NaN,0.083,175,0.06,184,NaN,NaN,NaN,NaN,Shelf
"IAPSO 1.1.88    35",-5.733,35.9,Truth_Shelf,0.54,62,0.211,83,NaN,NaN,NaN,NaN,0.044,76,0.028,336,NaN,NaN,NaN,NaN,Shelf
"IAPSO 1.1.89    36",-5.567,36,Truth_Shelf,0.444,48,0.161,74,NaN,NaN,NaN,NaN,0.008,92,0.017,225,NaN,NaN,NaN,NaN,Shelf
"PAVASAS BPR U.SaoPa",-41.21,0.233,Truth_Shelf,0.864,218.28,0.278,246.9,0.186,204.41,0.072,249.31,0.077,265.49,0.07,228.7,0.026,264.1,0.016,200.06,Shelf
"RDNZ K13a platform",3.22,53.218,Truth_Shelf,0.532,176.57,0.189,233.26,0.1,161.35,0.057,232.08,0.082,331.43,0.101,168.5,0.027,322.19,0.034,118.28,Shelf
"Yellow Sea NRL-B",125,33.75,Truth_Shelf,0.702,95.9,0.236,114,0.142,75.7,0.068,124.6,0.189,94.7,0.136,75.3,0.063,84.9,NaN,NaN,Shelf
"'Garibaldi, OR'",-123.9189,45.5545,NOAA,0.877,242.6,0.235,273,0.178,220,0.06,265.5,0.418,245.8,0.253,229.1,0.129,242.1,0.051,210.4,Deep
"'Herendeen Island, Shumagin Islands, AK'",-159.4187,55.066,NOAA,0.728,322.5,0.248,353,0.156,297.4,0.067,355.5,0.418,286.6,0.279,270.3,0.138,285.4,0.053,258,Deep
"'Isla Palominos, PR'",-65.5695831,18.3448498,NOAA,0.151,14.7,0.037,359.3,0.037,350.1,0.01,156.2,0.07,220.6,0.059,224.2,0.023,223.3,0.011,212.9,Deep
"'Montague Island, AK'",-147.592,60.025,NOAA,1.309,288.9,0.446,318.9,0.264,267,0.121,321.3,0.469,272.3,0.296,258.2,0.155,271.3,0.057,252.3,Deep
"'Monte Carlo Island, AK'",-133.767,56.535,NOAA,1.502,273.4,0.514,303.7,0.306,252.1,0.14,306.2,0.48,261,0.284,247.6,0.159,260,0.059,241.2,Deep
"'Oil Platform Harvest, CA'",-120.6819,34.4692,NOAA,0.491,162.6,0.162,156.7,0.117,138.7,0.044,150.1,0.362,214.8,0.229,200.2,0.118,211.7,0.041,190.7,Deep
"'SAKONNET, RI'",-71.1933,41.465,NOAA,0.471,359.5,0.104,13.4,0.119,343,0.026,5.3,0.052,169.3,0.049,198.9,0.026,163.6,0.012,191.6,Deep
"DART_32411   (2007",-90.685,4.923,Truth_Pelagic,0.789,240.49,0.179,296.1,0.174,209.11,0.044,287.25,0.072,72.11,0.025,123.31,0.024,74.66,0.006,152.55,Deep
"DART_32412   (2007",-86.392,-17.975,Truth_Pelagic,0.144,326.23,0.051,294.83,0.046,301.65,0.015,299.21,0.133,26.54,0.07,349.01,0.041,23.61,0.012,330.11,Deep
"URI GOM094 Gulf Mex",-92.079,26.791,Truth_Pelagic,0.034,236.74,0.006,222.77,0.01,218.38,0.001,201.99,0.156,21.56,0.15,14.38,0.048,24.62,0.033,357.39,Deep
"URI LS88 Labrador S",-52.604,56.585,Truth_Pelagic,0.553,289.64,0.212,324.26,0.121,270.07,0.061,323.29,0.117,163.53,0.073,124.17,0.038,159.96,0.011,73.85,Deep
"Weddell CH1  POL.b0",-30.101,-59.876,Truth_Pelagic,0.301,265.39,0.175,281.85,0.051,256.03,0.053,279.84,0.092,42.74,0.121,33.85,0.031,41.97,0.031,24.58,Deep
"55538 Kerema Bay",145.5,-8.183,Truth_Shelf,0.56,353.06,0.346,317.1,0.205,341.5,0.094,313.98,0.294,42.29,0.138,19.67,0.086,38.41,0.017,21.91,Shelf
"55630 Delami I.",149.817,-10.533,Truth_Shelf,0.413,345.06,0.241,310.2,0.144,332.6,0.071,309.18,0.285,37.79,0.132,9.47,0.083,33.31,0.025,352.41,Shelf
"55870 Woodlark I.",152.9836512,-9.2527956,Truth_Shelf,0.028,30.16,0.078,207.2,0.029,308.2,0.021,199.58,0.251,47.59,0.132,24.07,0.075,43.81,0.021,9.21,Shelf
"57930 Bramble Cay",143.883,-9.133,Truth_Shelf,0.708,10.96,0.422,341.7,0.205,0.2,0.108,335.08,0.327,49.09,0.154,16.17,0.094,46.51,0.025,353.71,Shelf
"57935 Stephens I.",143.55,-9.5,Truth_Shelf,0.74,21.66,0.453,353.1,0.265,6.6,0.125,349.58,0.366,51.09,0.17,18.37,0.11,48.01,0.03,358.61,Shelf
"Korea Str N2",129.67,35.2,Truth_Shelf,0.171,344,0.092,12.7,0.032,336.3,0.025,3.2,0.01,206.5,0.023,171.1,0.003,197.6,NaN,NaN,Shelf
"Korea Str N4",130.21,34.84,Truth_Shelf,0.199,7.2,0.107,31.2,0.038,2.5,0.029,22,0.043,160.5,0.051,144.1,0.014,156.7,NaN,NaN,Shelf
"Korea Str N6",130.65,34.5,Truth_Shelf,0.234,23.9,0.123,45,0.046,19.9,0.034,35.8,0.084,166.7,0.091,144.9,0.027,162.9,NaN,NaN,Shelf
"Korea Str S2",128.12,34.13,Truth_Shelf,0.801,0.9,0.372,25.2,0.165,352.1,0.106,16.4,0.184,65.8,0.133,44.1,0.062,59.3,NaN,NaN,Shelf
"Korea Str S4",128.56,33.74,Truth_Shelf,0.739,359,0.348,23.3,0.15,351,0.098,14.2,0.178,80.2,0.136,61.3,0.056,74.7,NaN,NaN,Shelf
"Korea Str S6",129,33.35,Truth_Shelf,0.728,358,0.343,22.2,0.148,350.4,0.097,12.6,0.2,93.4,0.161,74.7,0.063,88.7,NaN,NaN,Shelf
"MHA  Bassurelle",0.983,50.56,Truth_Shelf,2.799,320.02,0.908,11.7,0.514,297.86,0.266,9.62,0.038,113.96,0.023,87.56,0.01,128.94,0.011,68.5,Shelf
"RDNZ Aukfield platf",2.066,56.4,Truth_Shelf,0.45,78.8,0.14,117.15,0.088,53.55,0.039,116.04,0.046,253.69,0.045,96.06,0.016,233.43,0.012,41.48,Shelf
"'Bermuda, Ferry Reach Channel, Bermuda'",-64.695,32.37,NOAA,0.357,359.5,0.082,25.5,0.081,337.5,0.023,35.8,0.067,186.4,0.05,194.2,0.021,191.5,0.01,169.9,Deep
"'Bermuda, St. Georges Island, Bermuda'",-64.7033,32.3733,NOAA,0.369,358.9,0.084,26.2,0.085,337.2,0.021,24.9,0.066,185.6,0.053,192.2,0.02,188,0.011,184.5,Deep
"'Bird Island, Shumagin Bank, AK'",-159.7596,54.8352,NOAA,0.688,318.4,0.235,344.7,0.15,295.9,0.064,346.8,0.412,282.2,0.273,266,0.136,281,0.048,263.2,Deep
"'Jim Creek,'",-124.0625,48.1872,NOAA,0.612,266.8,0.192,288.5,0.134,243.5,0.052,290.3,0.539,254.7,0.336,237.1,0.179,253.4,0.066,232.8,Deep
"'Johnston Atoll, United States of America'",-169.53,16.7383,NOAA,0.271,100.4,0.105,122.1,0.05,99.8,0.028,117.9,0.082,214.8,0.035,223.9,0.024,212.2,0.005,229.1,Deep
"'Kaunakakai Harbor, HI'",-157.032,21.085,NOAA,0.184,55.9,0.067,59.6,0.034,44,0.018,56.3,0.16,227.7,0.089,216.5,0.051,222.8,0.013,218.7,Deep
"'Magnetic Point, Union Bay, Earnest Sound, AK'",-132.1909,55.7883,NOAA,1.962,271.7,0.639,304.8,0.406,244.6,0.174,307.4,0.489,262.9,0.311,244.8,0.162,261.6,0.06,237.2,Deep
"'Marthaâs Vineyard GPS Buoy, MA'",-70.5903,41.3262,NOAA,0.402,354.9,0.08,17.7,0.101,338.5,0.022,19.6,0.054,167.8,0.042,203.9,0.018,170.5,0.008,221.8,Deep
"'Muir Inlet, Glacier Bay, AK'",-136.108,58.9133,NOAA,2.016,298.7,0.649,335,0.368,277.1,0.177,338,0.534,273.5,0.311,258.1,0.177,272.3,0.057,244.6,Deep
"'NORTH JETTY, TILLAMOOK BAY,'",-123.965,45.57,NOAA,0.865,230.6,0.235,256.7,0.177,205.5,0.064,258.8,0.411,238.4,0.264,219.7,0.136,237,0.042,244.1,Deep
"'NORTH POINT [PIER 41] S.F.BAY, CA'",-122.413,37.81,NOAA,0.607,213.3,0.141,220.7,0.129,187,0.041,211.5,0.376,226.8,0.231,209.7,0.119,223.8,0.04,207.3,Deep
"'NUKSHAK ISLAND, SHELIKOF STRAIT, AK'",-153.958,58.3917,NOAA,1.622,323.5,0.58,1.9,0.334,293.9,0.158,5,0.478,288.1,0.326,268.6,0.158,286.6,0.063,260.4,Deep
"'Nachalni Island, AK'",-152.925,57.9783,NOAA,1.584,323.9,0.589,2.4,0.344,303.6,0.16,5.6,0.486,286.6,0.327,267.8,0.161,285.2,0.06,261.2,Deep
"'Nikiski, AK'",-151.398,60.6833,NOAA,2.501,32.3,0.861,63.1,0.495,1.6,0.243,55.8,0.644,307.9,0.383,291.1,0.185,308.2,0.09,301.5,Deep
"'Port Alexander, AK'",-134.6477,56.2466,NOAA,1.242,275.7,0.411,307.6,0.257,251.3,0.11,300.2,0.465,263.1,0.286,248,0.146,260,0.059,238.5,Deep
"'Port San Luis, CA'",-120.7542,35.1688,NOAA,0.501,168.1,0.15,163.7,0.117,144,0.044,156.1,0.362,214.7,0.227,198.8,0.115,211.9,0.042,194.1,Deep
"'Port Townsend, WA'",-122.7595,48.1129,NOAA,0.685,349.7,0.17,12.6,0.146,320,0.052,16.8,0.766,270.7,0.447,249.8,0.241,269.5,0.082,243.1,Deep
"'Puale Bay, AK'",-155.393,57.7067,NOAA,1.427,321.8,0.487,357.6,0.317,297.7,0.133,0.5,0.466,286.4,0.319,268.1,0.154,285,0.058,252.1,Deep
"'SUVA, SUVA HARBOR, Fiji'",178.425,-18.1333,NOAA,0.565,199.5,0.091,214.6,0.13,172.9,0.027,205.3,0.094,57.5,0.046,43.2,0.028,49.6,0.007,25.7,Deep
"BEMPEX PK Aug86",-163.972,36.497,Truth_Pelagic,0.208,309.4,0.108,327.66,0.043,302.2,0.031,321.1,0.186,264.8,0.119,255.4,0.059,260.9,0.02,251.4,Deep
"Cobb Seamount  Lars",-130.813,46.773,Truth_Pelagic,0.807,241.4,0.217,271.45,0.166,217.5,0.058,257.2,0.392,242.3,0.249,228.7,0.123,240.1,0.046,212.8,Deep
"DART_32401   (2005",-74.813,-19.547,Truth_Pelagic,0.29,23.58,0.077,42.92,0.069,344.22,0.026,35.83,0.154,31.6,0.086,349.97,0.047,27.85,0.016,326.05,Deep
"DART_d171 (2002",-170.798,46.637,Truth_Pelagic,0.233,335.5,0.094,335.66,0.063,319.23,0.026,328.46,0.287,296.04,0.196,281.53,0.091,292.59,0.036,276.77,Deep
"URI ECS053 East Chi",127.571,27.971,Truth_Pelagic,0.557,305.84,0.238,330.97,0.109,299.37,0.066,326.86,0.214,79.82,0.163,60.02,0.069,78.28,0.033,48.68,Deep
"URI GOM076 Gulf Mex",-88.037,28.082,Truth_Pelagic,0.024,102.59,0.013,97.14,0.005,118.64,0.004,91.45,0.143,18.39,0.141,12.16,0.045,20.72,0.033,354.81,Deep
"URI GOM083 Gulf Mex",-89.39,26.097,Truth_Pelagic,0.009,170.68,0.007,110.61,0.004,188.53,0.002,108.49,0.145,21.62,0.141,14.75,0.045,24.65,0.031,357.91,Deep
"58070 Coconut I.",143.067,-10.05,Truth_Shelf,0.693,44.86,0.518,20.7,0.209,34.1,0.141,20.68,0.405,54.09,0.195,24.57,0.134,54.11,0.037,1.61,Shelf
"58073 Poll I.",142.817,-10.25,Truth_Shelf,0.595,57.86,0.52,32.4,0.211,45.5,0.133,25.78,0.434,62.29,0.193,21.07,0.125,59.71,0.039,6.71,Shelf
"58240 Proudfoot Sho",141.467,-10.517,Truth_Shelf,0.75,190.96,0.148,277.4,0.171,154.6,0.05,246.18,0.678,34.19,0.43,340.37,0.177,26.11,0.083,317.61,Shelf
"58540 Raine I.",144.05,-11.6,Truth_Shelf,0.476,348.26,0.295,307,0.172,327.7,0.077,302.38,0.3,41.49,0.146,14.67,0.088,37.41,0.029,347.31,Shelf
"58680 Chapman I.",143.6,-12.883,Truth_Shelf,0.545,355.46,0.311,312.9,0.174,331.5,0.086,311.58,0.317,44.59,0.145,16.07,0.096,41.01,0.028,355.41,Shelf
"58890 Lizard I., QL",145.4439382,-14.6644798,Truth_Shelf,0.532,346.16,0.329,309.6,0.168,339.7,0.09,305.68,0.311,43.39,0.141,14.07,0.093,40.41,0.031,15.51,Shelf
"59190 Pith Reef",147.017,-18.217,Truth_Shelf,0.549,342.96,0.307,302.1,0.172,326.2,0.084,297.68,0.339,38.09,0.156,9.67,0.101,34.31,0.03,345.51,Shelf
"59450 Bugatti Reef",150.3,-20.083,Truth_Shelf,0.749,10.76,0.288,348.7,0.206,354.6,0.082,346.98,0.326,33.39,0.153,7.27,0.098,30.31,0.03,347.71,Shelf
"GLOUP 000208  b0037",-2.962,59.998,Truth_Shelf,0.697,252.56,0.263,285.08,0.142,232.56,NaN,NaN,0.108,151.69,0.082,15.42,NaN,NaN,0.036,334.83,Shelf
"Gray's Reef, GA, US",-80.92,31.36,Truth_Shelf,0.881,9.48,0.151,29.18,0.194,344.94,NaN,NaN,0.116,178.17,0.073,199.34,NaN,NaN,0.017,192.83,Shelf
"GulfMaine B6      6",-67.717,42.467,Truth_Shelf,0.88,87,0.129,119,0.216,57,NaN,NaN,0.108,196,0.092,181,NaN,NaN,NaN,NaN,Shelf
"GulfMaine C.Porpois",-70.283,43.217,Truth_Shelf,1.272,103,0.203,134,0.299,71,NaN,NaN,0.129,204,0.106,185,NaN,NaN,NaN,NaN,Shelf
"GulfMaine Cashes LD",-69.083,43.183,Truth_Shelf,1.2,98,0.195,126,0.282,66,NaN,NaN,0.125,198,0.101,186,NaN,NaN,NaN,NaN,Shelf
"IAPSO 1.2.66 47",-51.8,47.4,Truth_Shelf,0.348,320,0.145,0,0.072,305,NaN,NaN,0.076,159,0.062,133,NaN,NaN,NaN,NaN,Shelf
"IAPSO 1.2.67    46",-48.717,46.867,Truth_Shelf,0.21,331,0.097,8,0.045,318,NaN,NaN,0.069,167,0.058,138,NaN,NaN,NaN,NaN,Shelf
